SERIAL,REF,QUESTNNR,MODE,STARTED,BG02,EW01_01,EW01_02,EW01_03,EW01_04,EW01_05,EW01_06,TIME001,TIME002,TIME003,TIME004,TIME005,TIME006,TIME_SUM,MAILSENT,LASTDATA,FINISHED,Q_VIEWER,LASTPAGE,MAXPAGE,PID
NA,7,base,interview,2023-02-22T13:48:36Z,NA,51,31,42,53,43,51,2,NA,NA,NA,36,8,46,NA,2023-02-22T13:49:22Z,TRUE,FALSE,6,6,7
NA,228,base,interview,2023-02-22T13:51:37Z,NA,76,66,73,49,70,42,2,NA,NA,NA,6,5,13,NA,2023-02-22T13:51:50Z,TRUE,FALSE,6,6,228
NA,7,base,interview,2023-02-22T13:54:56Z,NA,83,49,63,60,48,71,3,NA,NA,NA,10,12,25,NA,2023-02-22T13:55:21Z,TRUE,FALSE,6,6,7
NA,1034,base,interview,2023-02-22T14:01:38Z,"Ich bin damit einverstanden, dass meine anonymisierten Daten und Nutzungsdaten aus Moodle unter den beschriebenen Bedingungen für wissenschaftliche Zwecke verwendet werden.",5,2,3,2,2,1,4,NA,NA,11,57,187,259,NA,2023-02-22T14:05:57Z,TRUE,FALSE,6,6,1034
NA,792,base,interview,2023-02-22T14:02:02Z,NA,49,45,50,51,43,54,4,NA,NA,NA,18,387,47,NA,2023-02-22T14:08:51Z,TRUE,FALSE,6,6,792
NA,801,base,interview,2023-02-22T14:03:05Z,NA,51,51,62,63,49,70,8,NA,NA,NA,46,13,67,NA,2023-02-22T14:04:12Z,TRUE,FALSE,6,6,801
NA,699,base,interview,2023-02-22T14:05:02Z,NA,21,20,14,6,7,8,13,NA,NA,NA,50,NA,63,NA,2023-02-22T14:06:05Z,FALSE,FALSE,5,5,699
NA,733,base,interview,2023-02-22T14:06:56Z,NA,6,4,5,5,9,10,2,NA,NA,NA,35,525,62,NA,2023-02-22T14:16:18Z,TRUE,FALSE,6,6,733
NA,656,base,interview,2023-02-22T14:07:17Z,NA,-9,1,-9,-9,-9,-9,13,NA,NA,NA,23,91,127,NA,2023-02-22T14:09:24Z,TRUE,FALSE,6,6,656
NA,541,base,interview,2023-02-22T14:07:30Z,NA,41,41,41,51,43,47,8,NA,NA,NA,64,6,78,NA,2023-02-22T14:08:48Z,TRUE,FALSE,6,6,541
NA,537,base,interview,2023-02-22T14:07:42Z,NA,-9,61,45,61,61,20,1,NA,NA,NA,41,624,67,NA,2023-02-22T14:18:48Z,TRUE,FALSE,6,6,537
NA,550,base,interview,2023-02-22T14:07:50Z,Ich möchte meine Daten nicht für wissenschaftliche Zwecke zur Verfügung stellen.,49,-9,-9,15,-9,-9,4,NA,NA,8,37,89,138,NA,2023-02-22T14:10:08Z,TRUE,FALSE,6,6,550
NA,706,base,interview,2023-02-22T14:07:52Z,NA,51,57,71,54,70,76,2,NA,NA,NA,97,49,148,NA,2023-02-22T14:10:20Z,TRUE,FALSE,6,6,706
NA,553,base,interview,2023-02-22T14:07:53Z,NA,-9,-9,-9,-9,1,-9,10,NA,NA,NA,46,95,151,NA,2023-02-22T14:10:24Z,TRUE,FALSE,6,6,553
NA,668,base,interview,2023-02-22T14:07:53Z,NA,52,58,45,42,30,30,12,NA,NA,NA,71,NA,83,NA,2023-02-22T14:09:16Z,FALSE,FALSE,5,5,668
NA,907,base,interview,2023-02-22T14:08:22Z,NA,57,71,36,71,65,38,3,NA,NA,NA,53,134,190,NA,2023-02-22T14:11:32Z,TRUE,FALSE,6,6,907
NA,843,base,interview,2023-02-22T14:08:47Z,"Ich bin damit einverstanden, dass meine anonymisierten Daten und Nutzungsdaten aus Moodle unter den beschriebenen Bedingungen für wissenschaftliche Zwecke verwendet werden.",19,10,50,67,61,61,12,NA,NA,35,71,1595,114,NA,2023-02-22T14:37:20Z,TRUE,FALSE,6,6,843
NA,708,base,interview,2023-02-22T14:09:25Z,NA,33,17,17,15,20,21,2,NA,NA,NA,14,199,215,NA,2023-02-22T14:13:00Z,TRUE,FALSE,6,6,708
NA,656,base,interview,2023-02-22T14:09:48Z,NA,-9,-9,-9,-9,-9,-9,1,NA,NA,NA,7,NA,8,NA,2023-02-22T14:09:56Z,FALSE,FALSE,5,5,656
NA,629,base,interview,2023-02-22T14:09:57Z,NA,75,79,78,11,21,1,3,NA,NA,NA,51,10,64,NA,2023-02-22T14:11:01Z,TRUE,FALSE,6,6,629
NA,1022,base,interview,2023-02-22T14:10:05Z,"Ich bin damit einverstanden, dass meine anonymisierten Daten und Nutzungsdaten aus Moodle unter den beschriebenen Bedingungen für wissenschaftliche Zwecke verwendet werden.",57,59,52,53,56,54,3,NA,NA,3,24,19468,55,NA,2023-02-22T19:35:03Z,FALSE,FALSE,6,6,1022
NA,556,base,interview,2023-02-22T14:10:06Z,NA,62,61,41,58,1,1,5,NA,NA,NA,53,14,72,NA,2023-02-22T14:11:18Z,TRUE,FALSE,6,6,556
NA,557,base,interview,2023-02-22T14:10:06Z,NA,46,50,54,56,63,28,6,NA,NA,NA,53,12,71,NA,2023-02-22T14:11:17Z,TRUE,FALSE,6,6,557
NA,794,base,interview,2023-02-22T14:10:15Z,NA,1,21,-9,-9,-9,68,9,NA,NA,NA,19,14,42,NA,2023-02-22T14:10:57Z,TRUE,FALSE,6,6,794
NA,948,base,interview,2023-02-22T14:10:16Z,"Ich bin damit einverstanden, dass meine anonymisierten Daten und Nutzungsdaten aus Moodle unter den beschriebenen Bedingungen für wissenschaftliche Zwecke verwendet werden.",-9,-9,-9,-9,-9,-9,8,NA,NA,11,12,19,50,NA,2023-02-22T14:11:06Z,TRUE,FALSE,6,6,948
NA,627,base,interview,2023-02-22T14:10:25Z,NA,-9,-9,-9,-9,-9,-9,11,NA,NA,NA,28,55,94,NA,2023-02-22T14:11:59Z,TRUE,FALSE,6,6,627
NA,876,base,interview,2023-02-22T14:10:27Z,NA,13,6,11,-9,1,-9,8,NA,NA,NA,685,85,116,NA,2023-02-22T14:23:25Z,TRUE,FALSE,6,6,876
NA,897,base,interview,2023-02-22T14:10:34Z,NA,45,45,40,40,42,36,2,NA,NA,NA,28,53,83,NA,2023-02-22T14:11:57Z,TRUE,FALSE,6,6,897
NA,568,base,interview,2023-02-22T14:10:36Z,NA,66,56,81,81,41,41,12,NA,NA,NA,81,24,117,NA,2023-02-22T14:12:33Z,TRUE,FALSE,6,6,568
NA,875,base,interview,2023-02-22T14:10:38Z,NA,49,32,47,27,29,21,9,NA,NA,NA,139,16707,173,NA,2023-02-22T18:51:34Z,FALSE,FALSE,6,6,875
NA,814,base,interview,2023-02-22T14:10:39Z,Ich möchte meine Daten nicht für wissenschaftliche Zwecke zur Verfügung stellen.,51,41,51,51,61,51,5,NA,NA,5,81,6,97,NA,2023-02-22T14:12:16Z,TRUE,FALSE,6,6,814
NA,582,base,interview,2023-02-22T14:10:44Z,NA,64,69,70,65,77,56,3,NA,NA,NA,34,15,52,NA,2023-02-22T14:11:36Z,TRUE,FALSE,6,6,582
NA,553,base,interview,2023-02-22T14:10:51Z,NA,-9,-9,-9,-9,-9,-9,2,NA,NA,NA,5,NA,7,NA,2023-02-22T14:10:58Z,FALSE,FALSE,5,5,553
NA,575,base,interview,2023-02-22T14:10:56Z,NA,39,21,24,26,20,26,3,NA,NA,NA,35,6,44,NA,2023-02-22T14:11:40Z,TRUE,FALSE,6,6,575
NA,560,base,interview,2023-02-22T14:11:02Z,NA,66,65,40,11,12,16,7,NA,NA,NA,35,NA,42,NA,2023-02-22T14:11:44Z,FALSE,FALSE,5,5,560
NA,667,base,interview,2023-02-22T14:11:07Z,NA,31,12,7,1,1,1,8,NA,NA,NA,47,63,118,NA,2023-02-22T14:13:05Z,TRUE,FALSE,6,6,667
NA,572,base,interview,2023-02-22T14:11:14Z,NA,41,61,38,6,-9,17,2,NA,NA,NA,42,680,69,NA,2023-02-22T14:23:18Z,TRUE,FALSE,6,6,572
NA,919,base,interview,2023-02-22T14:11:14Z,NA,66,61,25,6,26,7,4,NA,NA,NA,76,92135,105,NA,2023-02-23T15:48:09Z,FALSE,FALSE,6,6,919
NA,654,base,interview,2023-02-22T14:11:32Z,NA,32,81,48,33,36,35,9,NA,NA,NA,53,74,136,NA,2023-02-22T14:13:48Z,TRUE,FALSE,6,6,654
NA,704,base,interview,2023-02-22T14:11:42Z,NA,51,71,41,61,51,46,8,NA,NA,NA,67,16,91,NA,2023-02-22T14:13:13Z,TRUE,FALSE,6,6,704
NA,554,base,interview,2023-02-22T14:11:44Z,NA,35,45,43,46,70,61,5,NA,NA,NA,40,91,136,NA,2023-02-22T14:14:00Z,TRUE,FALSE,6,6,554
NA,856,base,interview,2023-02-22T14:11:45Z,NA,37,-9,-9,1,35,93,6,NA,NA,NA,16,12,34,NA,2023-02-22T14:12:19Z,TRUE,FALSE,6,6,856
NA,548,base,interview,2023-02-22T14:11:46Z,NA,58,-9,-9,-9,-9,-9,6,NA,NA,NA,34,33,73,NA,2023-02-22T14:12:59Z,TRUE,FALSE,6,6,548
NA,873,base,interview,2023-02-22T14:11:47Z,NA,-9,101,-9,-9,-9,-9,7,NA,NA,NA,27,21,55,NA,2023-02-22T14:12:42Z,TRUE,FALSE,6,6,873
NA,854,base,interview,2023-02-22T14:11:47Z,Ich möchte meine Daten nicht für wissenschaftliche Zwecke zur Verfügung stellen.,50,41,10,1,21,12,12,NA,NA,14,45,15,86,NA,2023-02-22T14:13:13Z,TRUE,FALSE,6,6,854
NA,438,base,interview,2023-02-22T14:11:54Z,"Ich bin damit einverstanden, dass meine anonymisierten Daten und Nutzungsdaten aus Moodle unter den beschriebenen Bedingungen für wissenschaftliche Zwecke verwendet werden.",11,12,11,6,3,4,3,NA,NA,12,38,22,75,NA,2023-02-22T14:13:09Z,TRUE,FALSE,6,6,438
NA,582,base,interview,2023-02-22T14:12:17Z,NA,64,64,67,69,68,68,2,NA,NA,NA,18,360,45,NA,2023-02-22T14:18:37Z,FALSE,FALSE,6,6,582
NA,651,base,interview,2023-02-22T14:12:29Z,NA,37,39,39,21,21,22,4,NA,NA,NA,80,159,243,NA,2023-02-22T14:16:32Z,TRUE,FALSE,6,6,651
NA,848,base,interview,2023-02-22T14:12:32Z,NA,1,-9,-9,-9,-9,-9,9,NA,NA,NA,23,57,89,NA,2023-02-22T14:14:01Z,TRUE,FALSE,6,6,848
NA,647,base,interview,2023-02-22T14:12:33Z,NA,-9,-9,-9,-9,-9,-9,6,NA,NA,NA,22,2235017,53,NA,2023-03-20T11:03:18Z,FALSE,FALSE,6,6,647
NA,784,base,interview,2023-02-22T14:12:43Z,NA,-9,-9,-9,-9,-9,-9,7,NA,NA,NA,36,NA,43,NA,2023-02-22T14:13:26Z,FALSE,FALSE,5,5,784
NA,822,base,interview,2023-02-22T14:12:44Z,NA,10,101,40,61,30,30,12,NA,NA,NA,69,81,162,NA,2023-02-22T14:15:26Z,TRUE,FALSE,6,6,822
NA,808,base,interview,2023-02-22T14:12:47Z,NA,35,32,37,46,44,45,7,NA,NA,NA,21,27,55,NA,2023-02-22T14:13:42Z,TRUE,FALSE,6,6,808
NA,794,base,interview,2023-02-22T14:12:50Z,NA,1,-9,-9,-9,1,-9,10,NA,NA,NA,11,188,209,NA,2023-02-22T14:16:19Z,TRUE,FALSE,6,6,794
NA,550,base,interview,2023-02-22T14:12:59Z,Ich möchte meine Daten nicht für wissenschaftliche Zwecke zur Verfügung stellen.,-9,-9,-9,-9,-9,-9,2,NA,NA,2,12,30,46,NA,2023-02-22T14:13:45Z,FALSE,FALSE,6,6,550
NA,865,base,interview,2023-02-22T14:13:01Z,NA,-9,-9,-9,-9,-9,-9,16,NA,NA,NA,29,69,114,NA,2023-02-22T14:14:55Z,TRUE,FALSE,6,6,865
NA,923,base,interview,2023-02-22T14:13:03Z,NA,70,70,81,66,66,70,8,NA,NA,NA,55,42,105,NA,2023-02-22T14:14:48Z,TRUE,FALSE,6,6,923
NA,539,base,interview,2023-02-22T14:13:04Z,NA,101,-9,101,1,-9,-9,3,NA,NA,NA,20,NA,23,NA,2023-02-22T14:13:27Z,FALSE,FALSE,5,5,539
NA,563,base,interview,2023-02-22T14:13:05Z,NA,23,30,55,31,58,54,16,NA,NA,NA,53,9,78,NA,2023-02-22T14:14:23Z,TRUE,FALSE,6,6,563
NA,696,base,interview,2023-02-22T14:13:24Z,NA,-9,-9,36,-9,-9,1,2,NA,NA,NA,22,1554,49,NA,2023-02-22T14:39:42Z,TRUE,FALSE,6,6,696
NA,711,base,interview,2023-02-22T14:13:32Z,NA,73,76,55,11,44,1,9,NA,NA,NA,71,37,117,NA,2023-02-22T14:15:29Z,TRUE,FALSE,6,6,711
NA,704,base,interview,2023-02-22T14:13:37Z,NA,-9,-9,-9,-9,-9,-9,3,NA,NA,NA,9,39,51,NA,2023-02-22T14:14:28Z,TRUE,FALSE,6,6,704
NA,803,base,interview,2023-02-22T14:13:46Z,NA,33,-9,35,-9,-9,-9,2,NA,NA,NA,45,NA,47,NA,2023-02-22T14:14:33Z,FALSE,FALSE,5,5,803
NA,800,base,interview,2023-02-22T14:13:54Z,NA,9,11,10,13,11,7,2,NA,NA,NA,28,8023,55,NA,2023-02-22T16:28:07Z,TRUE,FALSE,6,6,800
NA,916,base,interview,2023-02-22T14:14:15Z,NA,-9,-9,-9,1,-9,-9,9,NA,NA,NA,51,36,96,NA,2023-02-22T14:15:51Z,TRUE,FALSE,6,6,916
NA,551,base,interview,2023-02-22T14:14:25Z,NA,47,52,55,37,20,39,5,NA,NA,NA,40,12,57,NA,2023-02-22T14:15:22Z,TRUE,FALSE,6,6,551
NA,856,base,interview,2023-02-22T14:14:26Z,NA,-9,-9,-9,-9,-9,-9,3,NA,NA,NA,8,121,132,NA,2023-02-22T14:16:38Z,TRUE,FALSE,6,6,856
NA,894,base,interview,2023-02-22T14:14:30Z,NA,-9,-9,-9,-9,-9,-9,6,NA,NA,NA,12,593050,43,NA,2023-03-01T10:58:58Z,FALSE,FALSE,6,6,894
NA,643,base,interview,2023-02-22T14:14:33Z,NA,3,6,3,4,5,3,3,NA,NA,NA,25,331,53,NA,2023-02-22T14:20:32Z,TRUE,FALSE,6,6,643
NA,675,base,interview,2023-02-22T14:14:53Z,"Ich bin damit einverstanden, dass meine anonymisierten Daten und Nutzungsdaten aus Moodle unter den beschriebenen Bedingungen für wissenschaftliche Zwecke verwendet werden.",30,31,23,11,11,25,8,NA,NA,15,76,32,131,NA,2023-02-22T14:17:04Z,TRUE,FALSE,6,6,675
NA,308,base,interview,2023-02-22T14:14:53Z,NA,70,43,30,64,52,42,5,NA,NA,NA,43,105,153,NA,2023-02-22T14:17:26Z,TRUE,FALSE,6,6,308
NA,758,base,interview,2023-02-22T14:14:56Z,NA,75,68,88,61,92,35,6,NA,NA,NA,72,110,188,NA,2023-02-22T14:18:04Z,TRUE,FALSE,6,6,758
NA,810,base,interview,2023-02-22T14:14:57Z,NA,61,61,30,21,16,31,5,NA,NA,NA,58,13,76,NA,2023-02-22T14:16:13Z,TRUE,FALSE,6,6,810
NA,880,base,interview,2023-02-22T14:15:04Z,NA,56,41,51,31,31,21,29,NA,NA,NA,81,157,242,NA,2023-02-22T14:19:31Z,TRUE,FALSE,6,6,880
NA,834,base,interview,2023-02-22T14:15:05Z,NA,18,12,46,39,38,48,11,NA,NA,NA,41,9,61,NA,2023-02-22T14:16:06Z,TRUE,FALSE,6,6,834
NA,781,base,interview,2023-02-22T14:15:08Z,NA,39,44,33,31,32,17,3,NA,NA,NA,31,7,41,NA,2023-02-22T14:15:49Z,TRUE,FALSE,6,6,781
NA,792,base,interview,2023-02-22T14:15:10Z,NA,51,53,46,52,56,57,2,NA,NA,NA,13,NA,15,NA,2023-02-22T14:15:25Z,FALSE,FALSE,5,5,792
NA,862,base,interview,2023-02-22T14:15:21Z,NA,31,41,70,87,91,75,9,NA,NA,NA,117,13,139,NA,2023-02-22T14:17:40Z,TRUE,FALSE,6,6,862
NA,557,base,interview,2023-02-22T14:15:42Z,NA,-9,-9,-9,-9,-9,-9,1,NA,NA,NA,7,18,26,NA,2023-02-22T14:16:08Z,TRUE,FALSE,6,6,557
NA,784,base,interview,2023-02-22T14:15:58Z,NA,1,-9,-9,-9,-9,-9,7,NA,NA,NA,9,NA,16,NA,2023-02-22T14:16:14Z,FALSE,FALSE,5,5,784
NA,869,base,interview,2023-02-22T14:16:00Z,Ich möchte meine Daten nicht für wissenschaftliche Zwecke zur Verfügung stellen.,43,22,22,57,11,5,10,NA,NA,10,38,70634,83,NA,2023-02-23T09:54:12Z,FALSE,FALSE,6,6,869
NA,849,base,interview,2023-02-22T14:16:05Z,NA,16,10,10,10,11,12,3,NA,NA,NA,29,26,58,NA,2023-02-22T14:17:03Z,TRUE,FALSE,6,6,849
NA,388,base,interview,2023-02-22T14:16:17Z,NA,-9,-9,-9,-9,-9,-9,4,NA,NA,NA,19,NA,23,NA,2023-02-22T14:16:40Z,FALSE,FALSE,5,5,388
NA,752,base,interview,2023-02-22T14:16:31Z,NA,-9,87,-9,-9,-9,-9,2,NA,NA,NA,12,53,67,NA,2023-02-22T14:17:38Z,TRUE,FALSE,6,6,752
NA,794,base,interview,2023-02-22T14:16:37Z,NA,-9,-9,-9,-9,-9,-9,23,NA,NA,NA,16,6,45,NA,2023-02-22T14:17:22Z,TRUE,FALSE,6,6,794
NA,680,base,interview,2023-02-22T14:16:41Z,NA,30,21,27,9,5,8,3,NA,NA,NA,40,15,58,NA,2023-02-22T14:17:39Z,TRUE,FALSE,6,6,680
NA,750,base,interview,2023-02-22T14:16:55Z,NA,-9,-9,39,-9,1,-9,3,NA,NA,NA,39,10571,67,NA,2023-02-22T17:13:48Z,TRUE,FALSE,6,6,750
NA,721,base,interview,2023-02-22T14:17:02Z,Ich möchte meine Daten nicht für wissenschaftliche Zwecke zur Verfügung stellen.,101,-9,-9,-9,-9,-9,1,NA,NA,12,10,7,30,NA,2023-02-22T14:17:32Z,TRUE,FALSE,6,6,721
NA,697,base,interview,2023-02-22T14:17:04Z,NA,68,14,59,18,20,12,5,NA,NA,NA,34,NA,39,NA,2023-02-22T14:17:43Z,FALSE,FALSE,5,5,697
NA,553,base,interview,2023-02-22T14:17:17Z,NA,1,-9,-9,-9,-9,-9,1,NA,NA,NA,10,NA,11,NA,2023-02-22T14:17:28Z,FALSE,FALSE,5,5,553
NA,774,base,interview,2023-02-22T14:17:18Z,NA,69,70,69,67,66,67,14,NA,NA,NA,30,19,63,NA,2023-02-22T14:18:21Z,TRUE,FALSE,6,6,774
NA,792,base,interview,2023-02-22T14:17:29Z,NA,48,43,46,47,50,42,1,NA,NA,NA,8,NA,9,NA,2023-02-22T14:17:38Z,FALSE,FALSE,5,5,792
NA,767,base,interview,2023-02-22T14:17:34Z,NA,43,-9,-9,-9,-9,53,2,NA,NA,NA,11,NA,13,NA,2023-02-22T14:17:47Z,FALSE,FALSE,5,5,767
NA,711,base,interview,2023-02-22T14:18:06Z,NA,72,68,42,19,31,1,4,NA,NA,NA,18315,12,39,NA,2023-02-22T19:23:37Z,FALSE,FALSE,6,6,711
NA,766,base,interview,2023-02-22T14:18:21Z,NA,-9,-9,-9,-9,-9,-9,1,NA,NA,NA,14,9,24,NA,2023-02-22T14:18:45Z,TRUE,FALSE,6,6,766
NA,560,base,interview,2023-02-22T14:18:21Z,NA,-9,-9,-9,-9,-9,-9,2,NA,NA,NA,11,3,16,NA,2023-02-22T14:18:37Z,TRUE,FALSE,6,6,560
NA,721,base,interview,2023-02-22T14:18:27Z,Ich möchte meine Daten nicht für wissenschaftliche Zwecke zur Verfügung stellen.,-9,101,101,-9,-9,101,1,NA,NA,3,6,464,35,NA,2023-02-22T14:26:21Z,TRUE,FALSE,6,6,721
NA,922,base,interview,2023-02-22T14:18:34Z,"Ich bin damit einverstanden, dass meine anonymisierten Daten und Nutzungsdaten aus Moodle unter den beschriebenen Bedingungen für wissenschaftliche Zwecke verwendet werden.",6,8,8,4,6,8,4,NA,NA,2,17,356,48,NA,2023-02-22T14:24:53Z,TRUE,FALSE,6,6,922
NA,731,base,interview,2023-02-22T14:18:41Z,NA,62,53,70,29,53,11,11,NA,NA,NA,82,10,103,NA,2023-02-22T14:20:25Z,TRUE,FALSE,6,6,731
NA,819,base,interview,2023-02-22T14:19:03Z,NA,51,51,51,51,61,11,20,NA,NA,NA,293,68,111,NA,2023-02-22T14:25:24Z,TRUE,FALSE,6,6,819
NA,622,base,interview,2023-02-22T14:19:06Z,NA,49,45,65,47,46,41,14,NA,NA,NA,69,49,132,NA,2023-02-22T14:21:18Z,TRUE,FALSE,6,6,622
NA,392,base,interview,2023-02-22T14:19:18Z,NA,50,67,15,17,25,15,4,NA,NA,NA,25,23706,54,NA,2023-02-22T20:54:53Z,TRUE,FALSE,6,6,392
NA,766,base,interview,2023-02-22T14:19:24Z,NA,60,50,56,31,22,19,2,NA,NA,NA,41,85399,68,NA,2023-02-23T14:03:26Z,FALSE,FALSE,6,6,766
NA,551,base,interview,2023-02-22T14:19:29Z,NA,-9,-9,-9,-9,-9,-9,2,NA,NA,NA,8,3,13,NA,2023-02-22T14:19:42Z,TRUE,FALSE,6,6,551
NA,872,base,interview,2023-02-22T14:19:33Z,Ich möchte meine Daten nicht für wissenschaftliche Zwecke zur Verfügung stellen.,51,51,51,31,29,29,11,NA,NA,15,82,13,121,NA,2023-02-22T14:21:34Z,TRUE,FALSE,6,6,872
NA,829,base,interview,2023-02-22T14:19:45Z,NA,31,33,31,15,19,7,4,NA,NA,NA,44,71,119,NA,2023-02-22T14:21:44Z,TRUE,FALSE,6,6,829
NA,821,base,interview,2023-02-22T14:19:54Z,NA,28,39,10,12,1,1,2,NA,NA,NA,42,NA,44,NA,2023-02-22T14:20:38Z,FALSE,FALSE,5,5,821
NA,911,base,interview,2023-02-22T14:19:55Z,NA,-9,-9,-9,-9,-9,-9,10,NA,NA,NA,37,105,152,NA,2023-02-22T14:22:27Z,TRUE,FALSE,6,6,911
NA,877,base,interview,2023-02-22T14:20:34Z,Ich möchte meine Daten nicht für wissenschaftliche Zwecke zur Verfügung stellen.,63,59,60,44,45,38,14,NA,NA,20,62,24,120,NA,2023-02-22T14:22:34Z,TRUE,FALSE,6,6,877
NA,861,base,interview,2023-02-22T14:21:04Z,NA,52,62,86,77,82,60,11,NA,NA,NA,68,18,97,NA,2023-02-22T14:22:41Z,TRUE,FALSE,6,6,861
NA,643,base,interview,2023-02-22T14:21:06Z,NA,7,4,5,6,5,4,1,NA,NA,NA,11,333289,37,NA,2023-02-26T10:56:07Z,FALSE,FALSE,6,6,643
NA,856,base,interview,2023-02-22T14:21:12Z,NA,1,-9,-9,-9,-9,-9,8,NA,NA,NA,25,77,110,NA,2023-02-22T14:23:02Z,TRUE,FALSE,6,6,856
NA,624,base,interview,2023-02-22T14:21:15Z,NA,70,45,45,17,32,6,7,NA,NA,NA,72,118,197,NA,2023-02-22T14:24:32Z,TRUE,FALSE,6,6,624
NA,815,base,interview,2023-02-22T14:21:15Z,NA,-9,-9,101,-9,-9,-9,9,NA,NA,NA,23,40,72,NA,2023-02-22T14:22:28Z,FALSE,FALSE,6,6,815
NA,571,base,interview,2023-02-22T14:21:20Z,"Ich bin damit einverstanden, dass meine anonymisierten Daten und Nutzungsdaten aus Moodle unter den beschriebenen Bedingungen für wissenschaftliche Zwecke verwendet werden.",-9,-9,-9,-9,-9,-9,5,NA,NA,4,14,10,33,NA,2023-02-22T14:21:53Z,TRUE,FALSE,6,6,571
NA,321,base,interview,2023-02-22T14:21:26Z,"Ich bin damit einverstanden, dass meine anonymisierten Daten und Nutzungsdaten aus Moodle unter den beschriebenen Bedingungen für wissenschaftliche Zwecke verwendet werden.",-9,-9,-9,-9,-9,-9,4,NA,NA,5,14,NA,23,NA,2023-02-22T14:21:49Z,FALSE,FALSE,5,5,321
NA,854,base,interview,2023-02-22T14:21:35Z,Ich möchte meine Daten nicht für wissenschaftliche Zwecke zur Verfügung stellen.,-9,-9,-9,27,-9,-9,1,NA,NA,2,12,NA,15,NA,2023-02-22T14:21:50Z,FALSE,FALSE,5,5,854
NA,739,base,interview,2023-02-22T14:21:37Z,Ich möchte meine Daten nicht für wissenschaftliche Zwecke zur Verfügung stellen.,51,51,50,51,51,50,4,NA,NA,5,44,23,76,NA,2023-02-22T14:22:53Z,TRUE,FALSE,6,6,739
NA,740,base,interview,2023-02-22T14:21:43Z,NA,-9,101,101,-9,-9,-9,4,NA,NA,NA,15,72,91,NA,2023-02-22T14:23:14Z,TRUE,FALSE,6,6,740
NA,899,base,interview,2023-02-22T14:21:45Z,NA,1,-9,-9,-9,-9,-9,13,NA,NA,NA,79,151,243,NA,2023-02-22T14:25:48Z,TRUE,FALSE,6,6,899
NA,991,base,interview,2023-02-22T14:21:52Z,NA,-9,-9,-9,-9,-9,-9,20,NA,NA,NA,19,30,69,NA,2023-02-22T14:23:01Z,TRUE,FALSE,6,6,991
NA,622,base,interview,2023-02-22T14:22:25Z,NA,51,46,54,46,53,42,1,NA,NA,NA,52,3,56,NA,2023-02-22T14:23:21Z,TRUE,FALSE,6,6,622
NA,841,base,interview,2023-02-22T14:22:29Z,NA,-9,-9,-9,-9,-9,-9,2,NA,NA,NA,7,NA,9,NA,2023-02-22T14:22:38Z,FALSE,FALSE,5,5,841
NA,705,base,interview,2023-02-22T14:22:39Z,NA,-9,-9,-9,-9,-9,-9,3,NA,NA,NA,13,24,40,NA,2023-02-22T14:23:19Z,TRUE,FALSE,6,6,705
NA,688,base,interview,2023-02-22T14:22:45Z,NA,47,52,76,20,48,47,5,NA,NA,NA,41,18,64,NA,2023-02-22T14:23:49Z,TRUE,FALSE,6,6,688
NA,870,base,interview,2023-02-22T14:22:58Z,NA,6,3,4,2,3,2,14,NA,NA,NA,97,119,230,NA,2023-02-22T14:26:48Z,TRUE,FALSE,6,6,870
NA,767,base,interview,2023-02-22T14:23:02Z,NA,53,-9,-9,-9,-9,-9,110,NA,NA,NA,8,NA,12,NA,2023-02-22T14:25:00Z,FALSE,FALSE,5,5,767
NA,877,base,interview,2023-02-22T14:23:06Z,Ich möchte meine Daten nicht für wissenschaftliche Zwecke zur Verfügung stellen.,50,49,49,26,41,32,1,NA,NA,2,32,9,44,NA,2023-02-22T14:23:50Z,TRUE,FALSE,6,6,877
NA,758,base,interview,2023-02-22T14:23:24Z,NA,-9,-9,-9,-9,-9,-9,3,NA,NA,NA,3,NA,6,NA,2023-02-22T14:23:30Z,FALSE,FALSE,5,5,758
NA,752,base,interview,2023-02-22T14:23:28Z,NA,31,31,30,11,11,11,3,NA,NA,NA,48,187551,76,NA,2023-02-24T18:30:10Z,FALSE,FALSE,6,6,752
NA,758,base,interview,2023-02-22T14:23:46Z,NA,79,62,65,62,91,40,1,NA,NA,NA,35,10,46,NA,2023-02-22T14:24:32Z,TRUE,FALSE,6,6,758
NA,642,base,interview,2023-02-22T14:24:08Z,NA,33,36,55,-9,25,-9,3,NA,NA,NA,63,229,295,NA,2023-02-22T14:29:03Z,TRUE,FALSE,6,6,642
NA,676,base,interview,2023-02-22T14:24:19Z,NA,1,1,1,17,1,1,5,NA,NA,NA,22,19,46,NA,2023-02-22T14:25:05Z,TRUE,FALSE,6,6,676
NA,537,base,interview,2023-02-22T14:24:32Z,NA,-9,-9,-9,-9,-9,-9,3,NA,NA,NA,4,80,87,NA,2023-02-22T14:25:59Z,FALSE,FALSE,6,6,537
NA,581,base,interview,2023-02-22T14:24:43Z,NA,41,36,71,81,81,81,6,NA,NA,NA,51,37,94,NA,2023-02-22T14:26:17Z,TRUE,FALSE,6,6,581
NA,748,base,interview,2023-02-22T14:24:50Z,NA,-9,-9,1,6,-9,-9,11,NA,NA,NA,50,6,67,NA,2023-02-22T14:25:57Z,TRUE,FALSE,6,6,748
NA,1064,base,interview,2023-02-22T14:24:54Z,"Ich bin damit einverstanden, dass meine anonymisierten Daten und Nutzungsdaten aus Moodle unter den beschriebenen Bedingungen für wissenschaftliche Zwecke verwendet werden.",54,53,53,53,52,53,4,NA,NA,4,36,69,113,NA,2023-02-22T14:26:47Z,TRUE,FALSE,6,6,1064
NA,540,base,interview,2023-02-22T14:24:55Z,NA,51,80,21,6,7,5,14,NA,NA,NA,66,168,248,NA,2023-02-22T14:29:03Z,TRUE,FALSE,6,6,540
NA,773,base,interview,2023-02-22T14:24:59Z,NA,101,101,101,101,101,101,2,NA,NA,NA,24,23,49,NA,2023-02-22T14:25:48Z,TRUE,FALSE,6,6,773
NA,922,base,interview,2023-02-22T14:25:08Z,"Ich bin damit einverstanden, dass meine anonymisierten Daten und Nutzungsdaten aus Moodle unter den beschriebenen Bedingungen für wissenschaftliche Zwecke verwendet werden.",8,23,26,24,19,26,3,NA,NA,3,9,760391,40,NA,2023-02-22T14:25:23Z,FALSE,FALSE,5,6,922
NA,635,base,interview,2023-02-22T14:25:22Z,NA,-9,-9,-9,-9,-9,-9,4,NA,NA,NA,14,NA,18,NA,2023-02-22T14:25:41Z,FALSE,FALSE,5,5,635
NA,543,base,interview,2023-02-22T14:25:28Z,NA,61,37,52,35,53,46,3,NA,NA,NA,45,9,57,NA,2023-02-22T14:26:25Z,TRUE,FALSE,6,6,543
NA,812,base,interview,2023-02-22T14:25:50Z,NA,50,34,36,29,67,57,12,NA,NA,NA,66,NA,78,NA,2023-02-22T14:27:08Z,FALSE,FALSE,5,5,812
NA,763,base,interview,2023-02-22T14:26:00Z,NA,31,54,45,41,50,45,3,NA,NA,NA,22,2,27,NA,2023-02-22T14:26:27Z,TRUE,FALSE,6,6,763
NA,805,base,interview,2023-02-22T14:26:09Z,NA,44,37,49,14,20,28,7,NA,NA,NA,39,119,165,NA,2023-02-22T14:28:54Z,TRUE,FALSE,6,6,805
NA,549,base,interview,2023-02-22T14:26:25Z,NA,24,23,25,30,40,16,12,NA,NA,NA,34,15,61,NA,2023-02-22T14:27:26Z,TRUE,FALSE,6,6,549
NA,680,base,interview,2023-02-22T14:26:48Z,NA,11,13,18,14,14,19,9,NA,NA,NA,18,333164,52,NA,2023-02-26T10:59:59Z,FALSE,FALSE,6,6,680
NA,753,base,interview,2023-02-22T14:26:53Z,NA,30,31,28,27,22,22,4,NA,NA,NA,37,NA,41,NA,2023-02-22T14:27:34Z,FALSE,FALSE,5,5,753
NA,763,base,interview,2023-02-22T14:26:55Z,NA,75,-9,40,-9,67,-9,2,NA,NA,NA,11,NA,13,NA,2023-02-22T14:27:08Z,FALSE,FALSE,5,5,763
NA,634,base,interview,2023-02-22T14:27:20Z,NA,1,1,1,-9,-9,-9,7,NA,NA,NA,22,15,44,NA,2023-02-22T14:28:04Z,TRUE,FALSE,6,6,634
NA,635,base,interview,2023-02-22T14:27:36Z,NA,-9,-9,-9,-9,-9,-9,8,NA,NA,NA,15,NA,23,NA,2023-02-22T14:27:59Z,FALSE,FALSE,5,5,635
NA,703,base,interview,2023-02-22T14:27:44Z,NA,26,-9,-9,-9,-9,54,1,NA,NA,NA,15,3852,41,NA,2023-02-22T15:32:12Z,FALSE,FALSE,6,6,703
NA,851,base,interview,2023-02-22T14:28:28Z,NA,-9,-9,-9,-9,-9,-9,8,NA,NA,NA,29,178,215,NA,2023-02-22T14:32:03Z,TRUE,FALSE,6,6,851
NA,721,base,interview,2023-02-22T14:28:59Z,Ich möchte meine Daten nicht für wissenschaftliche Zwecke zur Verfügung stellen.,-9,101,-9,55,-9,-9,41,NA,NA,3,28,25,60,NA,2023-02-22T14:30:36Z,TRUE,FALSE,6,6,721
NA,797,base,interview,2023-02-22T14:29:02Z,NA,66,70,77,56,66,56,4,NA,NA,NA,59,34,97,NA,2023-02-22T14:30:39Z,TRUE,FALSE,6,6,797
NA,540,base,interview,2023-02-22T14:29:29Z,NA,-9,-9,-9,-9,-9,-9,1,NA,NA,NA,2,NA,3,NA,2023-02-22T14:29:32Z,FALSE,FALSE,5,5,540
NA,747,base,interview,2023-02-22T14:30:51Z,NA,21,22,21,21,22,10,10,NA,NA,NA,30,4,44,NA,2023-02-22T14:31:35Z,TRUE,FALSE,6,6,747
NA,867,base,interview,2023-02-22T14:30:55Z,NA,70,77,20,73,51,80,9,NA,NA,NA,44,373,78,NA,2023-02-22T14:38:01Z,TRUE,FALSE,6,6,867
NA,562,base,interview,2023-02-22T14:30:55Z,NA,-9,-9,-9,-9,-9,-9,7,NA,NA,NA,17,NA,24,NA,2023-02-22T14:31:19Z,FALSE,FALSE,5,5,562
NA,546,base,interview,2023-02-22T14:30:57Z,NA,40,52,45,56,18,24,8,NA,NA,NA,46,24,78,NA,2023-02-22T14:32:16Z,TRUE,FALSE,6,6,546
NA,545,base,interview,2023-02-22T14:30:59Z,"Ich bin damit einverstanden, dass meine anonymisierten Daten und Nutzungsdaten aus Moodle unter den beschriebenen Bedingungen für wissenschaftliche Zwecke verwendet werden.",86,78,65,24,24,24,19,NA,NA,17,63,107,206,NA,2023-02-22T14:34:25Z,TRUE,FALSE,6,6,545
NA,721,base,interview,2023-02-22T14:31:00Z,Ich möchte meine Daten nicht für wissenschaftliche Zwecke zur Verfügung stellen.,-9,96,79,-9,-9,-9,1,NA,NA,2,6,56,65,NA,2023-02-22T14:32:05Z,TRUE,FALSE,6,6,721
NA,316,base,interview,2023-02-22T14:31:38Z,NA,88,1,-9,-9,-9,-9,2,NA,NA,NA,13,NA,15,NA,2023-02-22T14:31:53Z,FALSE,FALSE,5,5,316
NA,695,base,interview,2023-02-22T14:32:01Z,NA,49,85,54,58,45,41,2,NA,NA,NA,23,49,74,NA,2023-02-22T14:33:15Z,TRUE,FALSE,6,6,695
NA,765,base,interview,2023-02-22T14:32:04Z,NA,1,-9,-9,-9,-9,-9,3,NA,NA,NA,14,213,230,NA,2023-02-22T14:35:54Z,TRUE,FALSE,6,6,765
NA,690,base,interview,2023-02-22T14:32:25Z,NA,25,29,14,19,16,16,6,NA,NA,NA,36,5,47,NA,2023-02-22T14:33:12Z,TRUE,FALSE,6,6,690
NA,736,base,interview,2023-02-22T14:32:30Z,NA,11,11,26,26,40,11,2,NA,NA,NA,60,6116,87,NA,2023-02-22T16:15:28Z,TRUE,FALSE,6,6,736
NA,547,base,interview,2023-02-22T14:32:43Z,NA,60,69,80,21,31,26,4,NA,NA,NA,41,NA,45,NA,2023-02-22T14:33:28Z,FALSE,FALSE,5,5,547
NA,747,base,interview,2023-02-22T14:32:48Z,NA,21,21,22,20,18,14,3,NA,NA,NA,21,3257,49,NA,2023-02-22T15:27:29Z,FALSE,FALSE,6,6,747
NA,642,base,interview,2023-02-22T14:32:53Z,NA,38,25,42,33,6,8,2,NA,NA,NA,43,17,62,NA,2023-02-22T14:33:55Z,TRUE,FALSE,6,6,642
NA,575,base,interview,2023-02-22T14:32:54Z,NA,11,11,22,22,32,24,3,NA,NA,NA,11,5,19,NA,2023-02-22T14:33:13Z,TRUE,FALSE,6,6,575
NA,692,base,interview,2023-02-22T14:33:14Z,NA,20,15,15,14,17,14,5,NA,NA,NA,34,146,185,NA,2023-02-22T14:36:19Z,TRUE,FALSE,6,6,692
NA,690,base,interview,2023-02-22T14:33:22Z,NA,11,29,25,10,33,45,3,NA,NA,NA,18,NA,21,NA,2023-02-22T14:33:43Z,FALSE,FALSE,5,5,690
NA,771,base,interview,2023-02-22T14:33:33Z,NA,37,75,-9,101,-9,-9,3,NA,NA,NA,14,48,65,NA,2023-02-22T14:34:38Z,TRUE,FALSE,6,6,771
NA,797,base,interview,2023-02-22T14:33:50Z,NA,-9,-9,-9,-9,-9,-9,2,NA,NA,NA,8,NA,10,NA,2023-02-22T14:34:00Z,FALSE,FALSE,5,5,797
NA,567,base,interview,2023-02-22T14:34:20Z,NA,72,31,66,83,81,52,6,NA,NA,NA,42,78,126,NA,2023-02-22T14:36:26Z,TRUE,FALSE,6,6,567
NA,890,base,interview,2023-02-22T14:34:25Z,NA,31,31,27,27,13,23,5,NA,NA,NA,60,62,127,NA,2023-02-22T14:36:32Z,TRUE,FALSE,6,6,890
NA,562,base,interview,2023-02-22T14:34:45Z,NA,-9,-9,-9,-9,-9,-9,2,NA,NA,NA,24,NA,26,NA,2023-02-22T14:35:11Z,FALSE,FALSE,5,5,562
NA,762,base,interview,2023-02-22T14:34:45Z,NA,-9,-9,-9,-9,-9,-9,3,NA,NA,NA,21,174564,49,NA,2023-02-24T15:04:33Z,FALSE,FALSE,6,6,762
NA,771,base,interview,2023-02-22T14:35:04Z,NA,-9,-9,-9,-9,-9,-9,1,NA,NA,NA,6,22298,32,NA,2023-02-22T20:46:49Z,FALSE,FALSE,6,6,771
NA,553,base,interview,2023-02-22T14:35:36Z,NA,-9,-9,-9,-9,-9,-9,3,NA,NA,NA,10,NA,13,NA,2023-02-22T14:35:49Z,FALSE,FALSE,5,5,553
NA,852,base,interview,2023-02-22T14:35:41Z,NA,31,33,11,15,17,20,10,NA,NA,NA,70,32,112,NA,2023-02-22T14:37:33Z,TRUE,FALSE,6,6,852
NA,725,base,interview,2023-02-22T14:36:07Z,NA,-9,88,101,-9,-9,-9,1,NA,NA,NA,20,27149,46,NA,2023-02-22T22:08:57Z,FALSE,FALSE,6,6,725
NA,395,base,interview,2023-02-22T14:36:11Z,NA,51,51,51,51,51,51,12,NA,NA,NA,52,34,98,NA,2023-02-22T14:37:49Z,TRUE,FALSE,6,6,395
NA,768,base,interview,2023-02-22T14:36:30Z,NA,33,35,40,21,44,31,4,NA,NA,NA,26,NA,30,NA,2023-02-22T14:37:00Z,FALSE,FALSE,5,5,768
NA,692,base,interview,2023-02-22T14:36:34Z,NA,-9,-9,-9,-9,-9,-9,2,NA,NA,NA,6,NA,8,NA,2023-02-22T14:36:42Z,FALSE,FALSE,5,5,692
NA,567,base,interview,2023-02-22T14:36:46Z,NA,-9,-9,-9,-9,-9,-9,9,NA,NA,NA,13,NA,22,NA,2023-02-22T14:37:08Z,FALSE,FALSE,5,5,567
NA,748,base,interview,2023-02-22T14:37:21Z,NA,-9,-9,-9,-9,-9,-9,1,NA,NA,NA,8,9,18,NA,2023-02-22T14:37:40Z,TRUE,FALSE,6,6,748
NA,298,base,interview,2023-02-22T14:37:50Z,NA,81,36,61,26,1,51,12,NA,NA,NA,74,22,108,NA,2023-02-22T14:39:38Z,TRUE,FALSE,6,6,298
NA,921,base,interview,2023-02-22T14:37:50Z,NA,-9,-9,-9,-9,-9,-9,3,NA,NA,NA,12,12,27,NA,2023-02-22T14:38:17Z,TRUE,FALSE,6,6,921
NA,720,base,interview,2023-02-22T14:38:02Z,NA,1,1,1,1,1,3,7,NA,NA,NA,43,36,86,NA,2023-02-22T14:39:28Z,TRUE,FALSE,6,6,720
NA,952,base,interview,2023-02-22T14:38:04Z,"Ich bin damit einverstanden, dass meine anonymisierten Daten und Nutzungsdaten aus Moodle unter den beschriebenen Bedingungen für wissenschaftliche Zwecke verwendet werden.",32,42,42,28,28,30,3,NA,NA,5,31,5,44,NA,2023-02-22T14:38:48Z,TRUE,FALSE,6,6,952
NA,825,base,interview,2023-02-22T14:38:11Z,NA,36,40,45,10,26,14,5,NA,NA,NA,46,42,93,NA,2023-02-22T14:39:44Z,TRUE,FALSE,6,6,825
NA,631,base,interview,2023-02-22T14:38:27Z,NA,-9,-9,-9,-9,1,63,3,NA,NA,NA,14,36,53,NA,2023-02-22T14:39:20Z,TRUE,FALSE,6,6,631
NA,561,base,interview,2023-02-22T14:38:33Z,"Ich bin damit einverstanden, dass meine anonymisierten Daten und Nutzungsdaten aus Moodle unter den beschriebenen Bedingungen für wissenschaftliche Zwecke verwendet werden.",55,56,59,31,68,42,5,NA,NA,12,29,5,51,NA,2023-02-22T14:39:24Z,TRUE,FALSE,6,6,561
NA,542,base,interview,2023-02-22T14:38:39Z,"Ich bin damit einverstanden, dass meine anonymisierten Daten und Nutzungsdaten aus Moodle unter den beschriebenen Bedingungen für wissenschaftliche Zwecke verwendet werden.",-9,-9,-9,-9,-9,-9,2,NA,NA,7,13,31,53,NA,2023-02-22T14:39:32Z,TRUE,FALSE,6,6,542
NA,691,base,interview,2023-02-22T14:38:39Z,NA,52,41,81,61,66,71,2,NA,NA,NA,85,NA,87,NA,2023-02-22T14:40:06Z,FALSE,FALSE,5,5,691
NA,917,base,interview,2023-02-22T14:38:46Z,NA,23,21,14,18,6,15,5,NA,NA,NA,28,37,70,NA,2023-02-22T14:39:56Z,TRUE,FALSE,6,6,917
NA,299,base,interview,2023-02-22T14:39:01Z,"Ich bin damit einverstanden, dass meine anonymisierten Daten und Nutzungsdaten aus Moodle unter den beschriebenen Bedingungen für wissenschaftliche Zwecke verwendet werden.",64,-9,1,-9,-9,1,7,NA,NA,11,28,38,84,NA,2023-02-22T14:40:25Z,TRUE,FALSE,6,6,299
NA,902,base,interview,2023-02-22T14:39:25Z,NA,35,13,3,5,5,7,13,NA,NA,NA,32,16,61,NA,2023-02-22T14:40:26Z,TRUE,FALSE,6,6,902
NA,823,base,interview,2023-02-22T14:39:35Z,NA,68,60,81,38,35,27,7,NA,NA,NA,45,399,77,NA,2023-02-22T14:47:06Z,TRUE,FALSE,6,6,823
NA,790,base,interview,2023-02-22T14:39:39Z,NA,31,25,26,37,30,36,11,NA,NA,NA,23,37,71,NA,2023-02-22T14:40:50Z,TRUE,FALSE,6,6,790
NA,628,base,interview,2023-02-22T14:39:41Z,"Ich bin damit einverstanden, dass meine anonymisierten Daten und Nutzungsdaten aus Moodle unter den beschriebenen Bedingungen für wissenschaftliche Zwecke verwendet werden.",56,57,101,8,11,5,101,NA,NA,7,42,29,82,NA,2023-02-22T14:42:40Z,TRUE,FALSE,6,6,628
NA,720,base,interview,2023-02-22T14:39:47Z,NA,-9,-9,-9,-9,-9,-9,2,NA,NA,NA,7,9,18,NA,2023-02-22T14:40:05Z,TRUE,FALSE,6,6,720
NA,562,base,interview,2023-02-22T14:40:19Z,NA,-9,-9,-9,-9,-9,-9,2,NA,NA,NA,7,NA,9,NA,2023-02-22T14:40:28Z,FALSE,FALSE,5,5,562
NA,561,base,interview,2023-02-22T14:40:23Z,[NA] nicht beantwortet,NA,NA,NA,NA,NA,NA,3,NA,NA,3,NA,NA,6,NA,2023-02-22T14:40:29Z,FALSE,FALSE,4,4,561
NA,989,base,interview,2023-02-22T14:40:30Z,NA,-9,-9,-9,-9,-9,-9,4,NA,NA,NA,49,9,62,NA,2023-02-22T14:41:32Z,TRUE,FALSE,6,6,989
NA,956,base,interview,2023-02-22T14:40:38Z,"Ich bin damit einverstanden, dass meine anonymisierten Daten und Nutzungsdaten aus Moodle unter den beschriebenen Bedingungen für wissenschaftliche Zwecke verwendet werden.",71,40,67,70,64,61,2,NA,NA,11,48,44,105,NA,2023-02-22T14:42:23Z,TRUE,FALSE,6,6,956
NA,548,base,interview,2023-02-22T14:40:39Z,NA,-9,-9,-9,-9,-9,-9,2,NA,NA,NA,10,5,17,NA,2023-02-22T14:40:56Z,TRUE,FALSE,6,6,548
NA,775,base,interview,2023-02-22T14:40:44Z,NA,31,3,5,3,40,10,4,NA,NA,NA,31,NA,35,NA,2023-02-22T14:41:19Z,FALSE,FALSE,5,5,775
NA,358,base,interview,2023-02-22T14:41:09Z,NA,-9,-9,-9,-9,-9,-9,7,NA,NA,NA,28,113,148,NA,2023-02-22T14:43:37Z,TRUE,FALSE,6,6,358
NA,538,base,interview,2023-02-22T14:41:09Z,NA,1,1,-9,-9,-9,1,16,NA,NA,NA,120,252,388,NA,2023-02-22T14:47:37Z,TRUE,FALSE,6,6,538
NA,578,base,interview,2023-02-22T14:41:28Z,NA,101,71,101,61,42,81,8,NA,NA,NA,95,13,116,NA,2023-02-22T14:43:24Z,TRUE,FALSE,6,6,578
NA,714,base,interview,2023-02-22T14:41:58Z,NA,1,2,-9,-9,-9,-9,4,NA,NA,NA,22,29,55,NA,2023-02-22T14:42:53Z,TRUE,FALSE,6,6,714
NA,304,base,interview,2023-02-22T14:42:06Z,NA,86,40,67,66,64,49,14,NA,NA,NA,65,498,104,NA,2023-02-22T14:51:43Z,TRUE,FALSE,6,6,304
NA,700,base,interview,2023-02-22T14:42:10Z,NA,-9,-9,1,1,-9,-9,3,NA,NA,NA,16,NA,19,NA,2023-02-22T14:42:29Z,FALSE,FALSE,5,5,700
NA,561,base,interview,2023-02-22T14:42:34Z,"Ich bin damit einverstanden, dass meine anonymisierten Daten und Nutzungsdaten aus Moodle unter den beschriebenen Bedingungen für wissenschaftliche Zwecke verwendet werden.",64,60,58,60,29,34,1,NA,NA,3,19,NA,23,NA,2023-02-22T14:42:57Z,FALSE,FALSE,5,5,561
NA,778,base,interview,2023-02-22T14:42:46Z,NA,56,51,11,11,11,11,3,NA,NA,NA,92,5,100,NA,2023-02-22T14:44:26Z,TRUE,FALSE,6,6,778
NA,727,base,interview,2023-02-22T14:43:03Z,NA,64,-9,81,52,39,52,4,NA,NA,NA,50,163,217,NA,2023-02-22T14:46:40Z,TRUE,FALSE,6,6,727
NA,813,base,interview,2023-02-22T14:43:28Z,NA,-9,-9,-9,-9,-9,-9,18,NA,NA,NA,18,40,76,NA,2023-02-22T14:44:44Z,TRUE,FALSE,6,6,813
NA,714,base,interview,2023-02-22T14:43:33Z,NA,-9,73,-9,-9,-9,-9,7,NA,NA,NA,14,73985,46,NA,2023-02-23T11:16:59Z,TRUE,FALSE,6,6,714
NA,578,base,interview,2023-02-22T14:43:35Z,NA,-9,-9,-9,-9,-9,-9,2,NA,NA,NA,5,NA,7,NA,2023-02-22T14:43:42Z,FALSE,FALSE,5,5,578
NA,888,base,interview,2023-02-22T14:43:39Z,NA,61,61,56,42,35,31,6,NA,NA,NA,40,NA,46,NA,2023-02-22T14:44:25Z,FALSE,FALSE,5,5,888
NA,990,base,interview,2023-02-22T14:44:23Z,NA,55,49,44,30,60,30,9,NA,NA,NA,46,21,76,NA,2023-02-22T14:45:39Z,TRUE,FALSE,6,6,990
NA,888,base,interview,2023-02-22T14:44:47Z,NA,56,59,51,47,48,49,1,NA,NA,NA,14,438,40,NA,2023-02-22T14:52:20Z,TRUE,FALSE,6,6,888
NA,778,base,interview,2023-02-22T14:44:49Z,NA,57,49,13,14,11,12,2,NA,NA,NA,30,57,89,NA,2023-02-22T14:46:18Z,TRUE,FALSE,6,6,778
NA,788,base,interview,2023-02-22T14:44:58Z,NA,19,17,22,24,25,24,12,NA,NA,NA,32,494,69,NA,2023-02-22T14:53:56Z,TRUE,FALSE,6,6,788
NA,1014,base,interview,2023-02-22T14:46:01Z,Ich möchte meine Daten nicht für wissenschaftliche Zwecke zur Verfügung stellen.,-9,-9,-9,-9,-9,-9,5,NA,NA,26,31,106,148,NA,2023-02-22T14:48:49Z,TRUE,FALSE,6,6,1014
NA,863,base,interview,2023-02-22T14:46:17Z,Ich möchte meine Daten nicht für wissenschaftliche Zwecke zur Verfügung stellen.,38,28,-9,-9,-9,-9,4,NA,NA,4,19,110,137,NA,2023-02-22T14:48:34Z,TRUE,FALSE,6,6,863
NA,988,base,interview,2023-02-22T14:46:30Z,NA,-9,-9,-9,-9,-9,-9,4,NA,NA,NA,8,102,114,NA,2023-02-22T14:48:24Z,TRUE,FALSE,6,6,988
NA,971,base,interview,2023-02-22T14:46:39Z,NA,11,11,12,12,12,13,10,NA,NA,NA,33,44,87,NA,2023-02-22T14:48:06Z,TRUE,FALSE,6,6,971
NA,757,base,interview,2023-02-22T14:47:06Z,NA,51,56,6,16,21,16,6,NA,NA,NA,35,69,110,NA,2023-02-22T14:48:56Z,TRUE,FALSE,6,6,757
NA,727,base,interview,2023-02-22T14:47:10Z,NA,101,-9,-9,-9,-9,-9,3,NA,NA,NA,10,NA,13,NA,2023-02-22T14:47:23Z,FALSE,FALSE,5,5,727
NA,825,base,interview,2023-02-22T14:47:20Z,NA,-9,-9,-9,-9,-9,88,1,NA,NA,NA,8,4296,34,NA,2023-02-22T15:59:05Z,FALSE,FALSE,6,6,825
NA,546,base,interview,2023-02-22T14:47:30Z,NA,45,38,24,20,23,14,2,NA,NA,NA,34,4,40,NA,2023-02-22T14:48:10Z,TRUE,FALSE,6,6,546
NA,719,base,interview,2023-02-22T14:48:02Z,Ich möchte meine Daten nicht für wissenschaftliche Zwecke zur Verfügung stellen.,-9,1,-9,1,-9,-9,3,NA,NA,6,17,13,39,NA,2023-02-22T14:48:41Z,TRUE,FALSE,6,6,719
NA,538,base,interview,2023-02-22T14:48:15Z,NA,-9,-9,-9,-9,-9,1,1,NA,NA,NA,14,247088,40,NA,2023-02-25T11:26:38Z,FALSE,FALSE,6,6,538
NA,882,base,interview,2023-02-22T14:48:19Z,NA,41,16,21,6,1,1,7,NA,NA,NA,51,30,88,NA,2023-02-22T14:49:47Z,TRUE,FALSE,6,6,882
NA,569,base,interview,2023-02-22T14:48:28Z,NA,95,84,86,94,90,91,5,NA,NA,NA,20,12,37,NA,2023-02-22T14:49:05Z,TRUE,FALSE,6,6,569
NA,988,base,interview,2023-02-22T14:48:51Z,NA,-9,-9,-9,-9,-9,-9,1,NA,NA,NA,6,411623,32,NA,2023-02-27T09:09:21Z,FALSE,FALSE,6,6,988
NA,406,base,interview,2023-02-22T14:48:55Z,NA,-9,-9,-9,-9,-9,-9,5,NA,NA,NA,28,75,108,NA,2023-02-22T14:50:43Z,TRUE,FALSE,6,6,406
NA,840,base,interview,2023-02-22T14:49:28Z,NA,-9,-9,-9,-9,-9,-9,12,NA,NA,NA,13,484,50,NA,2023-02-22T14:57:57Z,TRUE,FALSE,6,6,840
NA,741,base,interview,2023-02-22T14:49:49Z,NA,26,20,13,10,13,7,4,NA,NA,NA,31,176,211,NA,2023-02-22T14:53:20Z,TRUE,FALSE,6,6,741
NA,569,base,interview,2023-02-22T14:49:52Z,NA,84,86,85,85,87,87,2,NA,NA,NA,28,35,65,NA,2023-02-22T14:50:57Z,TRUE,FALSE,6,6,569
NA,653,base,interview,2023-02-22T14:49:58Z,Ich möchte meine Daten nicht für wissenschaftliche Zwecke zur Verfügung stellen.,49,47,52,47,53,52,2,NA,NA,4,33,NA,39,NA,2023-02-22T14:50:37Z,FALSE,FALSE,5,5,653
NA,697,base,interview,2023-02-22T14:50:00Z,NA,-9,87,-9,-9,-9,-9,2,NA,NA,NA,6,4,12,NA,2023-02-22T14:50:12Z,TRUE,FALSE,6,6,697
NA,710,base,interview,2023-02-22T14:50:06Z,NA,56,74,-9,-9,-9,47,2,NA,NA,NA,8,55242,35,NA,2023-02-23T06:10:58Z,TRUE,FALSE,6,6,710
NA,404,base,interview,2023-02-22T14:50:14Z,NA,61,71,51,81,86,51,10,NA,NA,NA,65,97,172,NA,2023-02-22T14:53:06Z,TRUE,FALSE,6,6,404
NA,882,base,interview,2023-02-22T14:50:41Z,NA,-9,58,79,-9,-9,-9,2,NA,NA,NA,10,NA,12,NA,2023-02-22T14:50:53Z,FALSE,FALSE,5,5,882
NA,742,base,interview,2023-02-22T14:50:44Z,NA,16,21,38,16,12,21,5,NA,NA,NA,30,12,47,NA,2023-02-22T14:51:31Z,TRUE,FALSE,6,6,742
NA,542,base,interview,2023-02-22T14:50:45Z,Ich möchte meine Daten nicht für wissenschaftliche Zwecke zur Verfügung stellen.,1,-9,-9,-9,-9,-9,2,NA,NA,8,70,67101,105,NA,2023-02-23T09:30:26Z,FALSE,FALSE,6,6,542
NA,729,base,interview,2023-02-22T14:50:53Z,NA,31,29,31,35,77,36,2,NA,NA,NA,28,NA,30,NA,2023-02-22T14:51:23Z,FALSE,FALSE,5,5,729
NA,574,base,interview,2023-02-22T14:51:21Z,NA,29,20,25,21,14,14,6,NA,NA,NA,27,9,42,NA,2023-02-22T14:52:03Z,TRUE,FALSE,6,6,574
NA,1064,base,interview,2023-02-22T14:51:27Z,"Ich bin damit einverstanden, dass meine anonymisierten Daten und Nutzungsdaten aus Moodle unter den beschriebenen Bedingungen für wissenschaftliche Zwecke verwendet werden.",52,51,52,52,48,53,1,NA,NA,3,19,35,58,NA,2023-02-22T14:52:25Z,TRUE,FALSE,6,6,1064
NA,393,base,interview,2023-02-22T14:51:58Z,"Ich bin damit einverstanden, dass meine anonymisierten Daten und Nutzungsdaten aus Moodle unter den beschriebenen Bedingungen für wissenschaftliche Zwecke verwendet werden.",1,-9,-9,-9,-9,-9,8,NA,NA,9,26,NA,43,NA,2023-02-22T14:52:41Z,FALSE,FALSE,5,5,393
NA,694,base,interview,2023-02-22T14:52:15Z,NA,32,17,41,27,41,35,4,NA,NA,NA,51,8,63,NA,2023-02-22T14:53:18Z,TRUE,FALSE,6,6,694
NA,965,base,interview,2023-02-22T14:52:18Z,"Ich bin damit einverstanden, dass meine anonymisierten Daten und Nutzungsdaten aus Moodle unter den beschriebenen Bedingungen für wissenschaftliche Zwecke verwendet werden.",41,41,49,5,9,11,1,NA,NA,7,53,5,66,NA,2023-02-22T14:53:24Z,TRUE,FALSE,6,6,965
NA,1034,base,interview,2023-02-22T14:52:32Z,"Ich bin damit einverstanden, dass meine anonymisierten Daten und Nutzungsdaten aus Moodle unter den beschriebenen Bedingungen für wissenschaftliche Zwecke verwendet werden.",42,42,42,42,42,42,2,NA,NA,7,25,7,41,NA,2023-02-22T14:53:13Z,TRUE,FALSE,6,6,1034
NA,849,base,interview,2023-02-22T14:52:45Z,NA,17,20,18,15,101,34,3,NA,NA,NA,9,5,17,NA,2023-02-22T14:53:02Z,TRUE,FALSE,6,6,849
NA,1064,base,interview,2023-02-22T14:52:45Z,Ich möchte meine Daten nicht für wissenschaftliche Zwecke zur Verfügung stellen.,68,46,41,42,39,44,2,NA,NA,2,14,3,21,NA,2023-02-22T14:53:06Z,TRUE,FALSE,6,6,1064
NA,982,base,interview,2023-02-22T14:52:53Z,NA,56,62,47,25,87,47,2,NA,NA,NA,43,11821,70,NA,2023-02-22T18:10:39Z,FALSE,FALSE,6,6,982
NA,772,base,interview,2023-02-22T14:53:58Z,NA,71,-9,-9,-9,-9,1,5,NA,NA,NA,36,19,60,NA,2023-02-22T14:54:59Z,TRUE,FALSE,6,6,772
NA,817,base,interview,2023-02-22T14:53:59Z,NA,13,10,87,19,41,13,7,NA,NA,NA,14,1,22,NA,2023-02-22T14:54:21Z,TRUE,FALSE,6,6,817
NA,631,base,interview,2023-02-22T14:54:00Z,NA,101,101,101,101,-9,-9,23,NA,NA,NA,19,NA,42,NA,2023-02-22T14:54:42Z,FALSE,FALSE,5,5,631
NA,989,base,interview,2023-02-22T14:54:08Z,NA,-9,-9,-9,-9,-9,-9,2,NA,NA,NA,9,NA,11,NA,2023-02-22T14:54:19Z,FALSE,FALSE,5,5,989
NA,1044,base,interview,2023-02-22T14:54:15Z,Ich möchte meine Daten nicht für wissenschaftliche Zwecke zur Verfügung stellen.,11,5,3,1,-9,-9,9,NA,NA,21,48,20,98,NA,2023-02-22T14:55:53Z,TRUE,FALSE,6,6,1044
NA,921,base,interview,2023-02-22T14:54:16Z,NA,-9,-9,-9,-9,-9,-9,2,NA,NA,NA,15,11,28,NA,2023-02-22T14:54:44Z,TRUE,FALSE,6,6,921
NA,574,base,interview,2023-02-22T14:55:05Z,NA,22,23,25,21,24,18,1,NA,NA,NA,11,NA,12,NA,2023-02-22T14:55:17Z,FALSE,FALSE,5,5,574
NA,722,base,interview,2023-02-22T14:55:10Z,NA,32,11,35,4,4,2,4,NA,NA,NA,42,5,51,NA,2023-02-22T14:56:01Z,TRUE,FALSE,6,6,722
NA,809,base,interview,2023-02-22T14:55:19Z,NA,-9,-9,-9,-9,-9,-9,5,NA,NA,NA,13,240,258,NA,2023-02-22T14:59:37Z,TRUE,FALSE,6,6,809
NA,817,base,interview,2023-02-22T14:55:25Z,NA,12,95,14,22,18,15,1,NA,NA,NA,9,19192,35,NA,2023-02-22T20:15:27Z,FALSE,FALSE,6,6,817
NA,738,base,interview,2023-02-22T14:55:36Z,NA,61,57,59,51,40,48,10,NA,NA,NA,35,19,64,NA,2023-02-22T14:56:40Z,TRUE,FALSE,6,6,738
NA,555,base,interview,2023-02-22T14:55:44Z,NA,47,63,35,35,49,47,7,NA,NA,NA,40,7,54,NA,2023-02-22T14:56:38Z,TRUE,FALSE,6,6,555
NA,565,base,interview,2023-02-22T14:55:45Z,NA,30,-9,-9,-9,-9,-9,2,NA,NA,NA,8,10,20,NA,2023-02-22T14:56:05Z,TRUE,FALSE,6,6,565
NA,558,base,interview,2023-02-22T14:56:07Z,NA,37,26,78,37,41,26,2,NA,NA,NA,40,19,61,NA,2023-02-22T14:57:08Z,TRUE,FALSE,6,6,558
NA,882,base,interview,2023-02-22T14:56:34Z,NA,39,16,8,5,4,2,14,NA,NA,NA,27,NA,41,NA,2023-02-22T14:57:15Z,FALSE,FALSE,5,5,882
NA,839,base,interview,2023-02-22T14:56:35Z,NA,76,-9,-9,-9,-9,86,3,NA,NA,NA,11,1350,39,NA,2023-02-22T15:19:19Z,TRUE,FALSE,6,6,839
NA,565,base,interview,2023-02-22T14:56:51Z,NA,-9,-9,-9,-9,-9,-9,3,NA,NA,NA,10,301,38,NA,2023-02-22T15:02:05Z,TRUE,FALSE,6,6,565
NA,554,base,interview,2023-02-22T14:57:06Z,NA,1,-9,-9,-9,-9,-9,2,NA,NA,NA,10,9,21,NA,2023-02-22T14:57:27Z,TRUE,FALSE,6,6,554
NA,544,base,interview,2023-02-22T14:57:14Z,Ich möchte meine Daten nicht für wissenschaftliche Zwecke zur Verfügung stellen.,42,39,52,9,39,35,3,NA,NA,6,49,3,61,NA,2023-02-22T14:58:15Z,TRUE,FALSE,6,6,544
NA,552,base,interview,2023-02-22T14:57:35Z,NA,76,71,81,71,76,71,2,NA,NA,NA,62,11,75,NA,2023-02-22T14:58:50Z,TRUE,FALSE,6,6,552
NA,860,base,interview,2023-02-22T14:58:00Z,NA,29,25,29,31,25,29,4,NA,NA,NA,19,NA,23,NA,2023-02-22T14:58:23Z,FALSE,FALSE,5,5,860
NA,713,base,interview,2023-02-22T14:58:20Z,NA,26,16,26,6,6,6,12,NA,NA,NA,51,118,181,NA,2023-02-22T15:01:21Z,TRUE,FALSE,6,6,713
NA,898,base,interview,2023-02-22T14:58:45Z,NA,49,-9,17,20,5,35,2,NA,NA,NA,31,NA,33,NA,2023-02-22T14:59:18Z,FALSE,FALSE,5,5,898
NA,536,base,interview,2023-02-22T14:58:49Z,NA,60,77,31,69,20,40,2,NA,NA,NA,12,NA,14,NA,2023-02-22T14:59:03Z,FALSE,FALSE,5,5,536
NA,804,base,interview,2023-02-22T14:59:03Z,NA,88,95,89,77,-9,21,3,NA,NA,NA,54,14,71,NA,2023-02-22T15:00:14Z,TRUE,FALSE,6,6,804
NA,943,base,interview,2023-02-22T14:59:12Z,Ich möchte meine Daten nicht für wissenschaftliche Zwecke zur Verfügung stellen.,-9,-9,-9,-9,-9,-9,5,NA,NA,9,13,25,52,NA,2023-02-22T15:00:04Z,TRUE,FALSE,6,6,943
NA,737,base,interview,2023-02-22T14:59:19Z,NA,-9,-9,-9,-9,42,-9,3,NA,NA,NA,10,6,19,NA,2023-02-22T14:59:38Z,TRUE,FALSE,6,6,737
NA,552,base,interview,2023-02-22T14:59:26Z,NA,70,79,74,75,75,73,2,NA,NA,NA,16,4,22,NA,2023-02-22T14:59:48Z,TRUE,FALSE,6,6,552
NA,734,base,interview,2023-02-22T14:59:26Z,NA,14,38,18,18,25,34,4,NA,NA,NA,27,17041,56,NA,2023-02-22T19:43:58Z,FALSE,FALSE,6,6,734
NA,366,base,interview,2023-02-22T15:00:46Z,NA,46,41,11,6,6,6,6,NA,NA,NA,46,8,60,NA,2023-02-22T15:01:46Z,TRUE,FALSE,6,6,366
NA,325,base,interview,2023-02-22T15:01:16Z,NA,21,21,22,20,21,21,8,NA,NA,NA,34,4,46,NA,2023-02-22T15:02:02Z,TRUE,FALSE,6,6,325
NA,792,base,interview,2023-02-22T15:01:51Z,NA,26,32,41,40,37,37,2,NA,NA,NA,11,NA,13,NA,2023-02-22T15:02:04Z,FALSE,FALSE,5,5,792
NA,366,base,interview,2023-02-22T15:01:59Z,NA,27,19,18,22,20,19,2,NA,NA,NA,12,NA,14,NA,2023-02-22T15:02:13Z,FALSE,FALSE,5,5,366
NA,814,base,interview,2023-02-22T15:02:32Z,Ich möchte meine Daten nicht für wissenschaftliche Zwecke zur Verfügung stellen.,1,73,-9,-9,1,-9,1,NA,NA,4,16,26,47,NA,2023-02-22T15:03:19Z,TRUE,FALSE,6,6,814
NA,360,base,interview,2023-02-22T15:02:57Z,NA,9,6,21,8,2,2,11,NA,NA,NA,156,29,63,NA,2023-02-22T15:06:13Z,TRUE,FALSE,6,6,360
NA,351,base,interview,2023-02-22T15:03:29Z,NA,70,73,70,71,73,69,9,NA,NA,NA,34,16,59,NA,2023-02-22T15:04:28Z,TRUE,FALSE,6,6,351
NA,670,base,interview,2023-02-22T15:03:39Z,NA,76,61,41,46,16,16,12,NA,NA,NA,76,23,111,NA,2023-02-22T15:05:30Z,TRUE,FALSE,6,6,670
NA,811,base,interview,2023-02-22T15:04:18Z,NA,60,46,65,31,51,40,3,NA,NA,NA,44,96,143,NA,2023-02-22T15:06:41Z,TRUE,FALSE,6,6,811
NA,858,base,interview,2023-02-22T15:04:34Z,NA,89,89,81,71,66,66,13,NA,NA,NA,92,51,156,NA,2023-02-22T15:07:10Z,TRUE,FALSE,6,6,858
NA,576,base,interview,2023-02-22T15:05:15Z,NA,36,31,5,4,5,5,8,NA,NA,NA,75,10,93,NA,2023-02-22T15:06:48Z,TRUE,FALSE,6,6,576
NA,835,base,interview,2023-02-22T15:05:25Z,NA,1,16,-9,-9,-9,-9,4,NA,NA,NA,31,70,105,NA,2023-02-22T15:07:10Z,TRUE,FALSE,6,6,835
NA,816,base,interview,2023-02-22T15:05:48Z,NA,-9,-9,-9,-9,-9,-9,5,NA,NA,NA,19,57884,49,NA,2023-02-23T07:10:56Z,FALSE,FALSE,6,6,816
NA,351,base,interview,2023-02-22T15:05:50Z,NA,59,62,66,64,101,64,3,NA,NA,NA,12,61,76,NA,2023-02-22T15:07:06Z,TRUE,FALSE,6,6,351
NA,357,base,interview,2023-02-22T15:05:56Z,NA,-9,-9,-9,-9,-9,-9,13,NA,NA,NA,26,128,167,NA,2023-02-22T15:08:43Z,TRUE,FALSE,6,6,357
NA,565,base,interview,2023-02-22T15:06:02Z,NA,39,53,59,37,31,11,1,NA,NA,NA,15,NA,16,NA,2023-02-22T15:06:18Z,FALSE,FALSE,5,5,565
NA,685,base,interview,2023-02-22T15:06:04Z,NA,-9,-9,-9,-9,-9,-9,4,NA,NA,NA,27,20185,56,NA,2023-02-22T20:43:00Z,TRUE,FALSE,6,6,685
NA,559,base,interview,2023-02-22T15:06:26Z,NA,38,41,22,11,22,23,2,NA,NA,NA,68,12,82,NA,2023-02-22T15:07:48Z,TRUE,FALSE,6,6,559
NA,835,base,interview,2023-02-22T15:07:47Z,NA,-9,-9,-9,-9,-9,-9,2,NA,NA,NA,13,1897,40,NA,2023-02-22T15:39:39Z,FALSE,FALSE,6,6,835
NA,857,base,interview,2023-02-22T15:08:06Z,NA,11,7,9,11,3,9,4,NA,NA,NA,37,12,53,NA,2023-02-22T15:08:59Z,TRUE,FALSE,6,6,857
NA,1064,base,interview,2023-02-22T15:08:58Z,Ich möchte meine Daten nicht für wissenschaftliche Zwecke zur Verfügung stellen.,51,51,52,51,50,51,8191,NA,NA,10,21,11,46,NA,2023-02-22T17:26:11Z,TRUE,FALSE,6,6,1064
NA,901,base,interview,2023-02-22T15:09:01Z,NA,-9,-9,-9,-9,-9,-9,3,NA,NA,NA,20,33,56,NA,2023-02-22T15:09:57Z,TRUE,FALSE,6,6,901
NA,690,base,interview,2023-02-22T15:09:03Z,NA,20,16,26,19,16,31,4,NA,NA,NA,15,8,27,NA,2023-02-22T15:09:30Z,TRUE,FALSE,6,6,690
NA,357,base,interview,2023-02-22T15:09:29Z,NA,-9,-9,-9,-9,-9,-9,6,NA,NA,NA,11,NA,17,NA,2023-02-22T15:09:46Z,FALSE,FALSE,5,5,357
NA,965,base,interview,2023-02-22T15:09:31Z,"Ich bin damit einverstanden, dass meine anonymisierten Daten und Nutzungsdaten aus Moodle unter den beschriebenen Bedingungen für wissenschaftliche Zwecke verwendet werden.",-9,-9,-9,-9,-9,47,1,NA,NA,2,8,93092,36,NA,2023-02-23T17:01:14Z,FALSE,FALSE,6,6,965
NA,857,base,interview,2023-02-22T15:10:16Z,NA,53,-9,-9,-9,-9,-9,2,NA,NA,NA,7,6,15,NA,2023-02-22T15:10:31Z,TRUE,FALSE,6,6,857
NA,559,base,interview,2023-02-22T15:11:19Z,NA,-9,-9,-9,-9,-9,54,2,NA,NA,NA,7,NA,9,NA,2023-02-22T15:11:28Z,FALSE,FALSE,5,5,559
NA,835,base,interview,2023-02-22T15:11:32Z,NA,-9,-9,-9,-9,-9,-9,3,NA,NA,NA,12,73,88,NA,2023-02-22T15:13:00Z,TRUE,FALSE,6,6,835
NA,1002,base,interview,2023-02-22T15:11:42Z,"Ich bin damit einverstanden, dass meine anonymisierten Daten und Nutzungsdaten aus Moodle unter den beschriebenen Bedingungen für wissenschaftliche Zwecke verwendet werden.",70,91,81,81,81,81,6,NA,NA,13,48,74,141,NA,2023-02-22T15:14:03Z,TRUE,FALSE,6,6,1002
NA,308,base,interview,2023-02-22T15:12:07Z,NA,20,31,31,30,16,11,4,NA,NA,NA,34,91,129,NA,2023-02-22T15:14:16Z,TRUE,FALSE,6,6,308
NA,864,base,interview,2023-02-22T15:14:20Z,"Ich bin damit einverstanden, dass meine anonymisierten Daten und Nutzungsdaten aus Moodle unter den beschriebenen Bedingungen für wissenschaftliche Zwecke verwendet werden.",42,80,27,27,31,53,10,NA,NA,5,46,NA,61,NA,2023-02-22T15:15:21Z,FALSE,FALSE,5,5,864
NA,820,base,interview,2023-02-22T15:15:16Z,NA,8,7,8,4,8,17,6,NA,NA,NA,55,135,196,NA,2023-02-22T15:18:32Z,TRUE,FALSE,6,6,820
NA,679,base,interview,2023-02-22T15:17:46Z,NA,88,76,84,31,12,14,7,NA,NA,NA,42,7,56,NA,2023-02-22T15:18:42Z,TRUE,FALSE,6,6,679
NA,777,base,interview,2023-02-22T15:19:26Z,NA,27,11,26,4,5,34,5,NA,NA,NA,36,26,67,NA,2023-02-22T15:20:33Z,TRUE,FALSE,6,6,777
NA,839,base,interview,2023-02-22T15:19:33Z,NA,65,-9,-9,-9,-9,-9,1,NA,NA,NA,14,NA,15,NA,2023-02-22T15:19:48Z,FALSE,FALSE,5,5,839
NA,747,base,interview,2023-02-22T15:22:18Z,NA,54,51,51,49,52,52,1,NA,NA,NA,9,6,16,NA,2023-02-22T15:22:34Z,TRUE,FALSE,6,6,747
NA,881,base,interview,2023-02-22T15:23:03Z,NA,37,35,39,36,12,36,12,NA,NA,NA,45,13,70,NA,2023-02-22T15:24:13Z,TRUE,FALSE,6,6,881
NA,844,base,interview,2023-02-22T15:25:35Z,NA,25,39,60,59,43,37,12,NA,NA,NA,42,13,67,NA,2023-02-22T15:26:42Z,TRUE,FALSE,6,6,844
NA,749,base,interview,2023-02-22T15:26:27Z,NA,-9,-9,-9,-9,-9,-9,3,NA,NA,NA,35,45,83,NA,2023-02-22T15:27:50Z,TRUE,FALSE,6,6,749
NA,719,base,interview,2023-02-22T15:26:36Z,Ich möchte meine Daten nicht für wissenschaftliche Zwecke zur Verfügung stellen.,77,-9,-9,-9,1,-9,1,NA,NA,3,11,14,29,NA,2023-02-22T15:27:05Z,TRUE,FALSE,6,6,719
NA,777,base,interview,2023-02-22T15:26:45Z,NA,15,25,14,26,17,17,1,NA,NA,NA,16,10,27,NA,2023-02-22T15:27:12Z,TRUE,FALSE,6,6,777
NA,806,base,interview,2023-02-22T15:26:56Z,NA,56,43,69,34,68,18,2,NA,NA,NA,35,2,39,NA,2023-02-22T15:27:35Z,TRUE,FALSE,6,6,806
NA,785,base,interview,2023-02-22T15:28:07Z,NA,-9,-9,-9,-9,-9,-9,6,NA,NA,NA,11,26,43,NA,2023-02-22T15:28:50Z,TRUE,FALSE,6,6,785
NA,1045,base,interview,2023-02-22T15:29:38Z,"Ich bin damit einverstanden, dass meine anonymisierten Daten und Nutzungsdaten aus Moodle unter den beschriebenen Bedingungen für wissenschaftliche Zwecke verwendet werden.",66,-9,-9,-9,-9,-9,4,NA,NA,4,9,7,24,NA,2023-02-22T15:30:02Z,TRUE,FALSE,6,6,1045
NA,806,base,interview,2023-02-22T15:30:01Z,NA,-9,-9,-9,-9,-9,-9,4,NA,NA,NA,9,NA,13,NA,2023-02-22T15:30:14Z,FALSE,FALSE,5,5,806
NA,820,base,interview,2023-02-22T15:30:34Z,NA,-9,-9,-9,-9,-9,-9,97,NA,NA,NA,6,NA,10,NA,2023-02-22T15:32:17Z,FALSE,FALSE,5,5,820
NA,876,base,interview,2023-02-22T15:30:43Z,NA,9,8,15,4,-9,-9,3,NA,NA,NA,27,NA,30,NA,2023-02-22T15:31:13Z,FALSE,FALSE,5,5,876
NA,326,base,interview,2023-02-22T15:31:16Z,NA,69,80,45,71,61,67,4,NA,NA,NA,45,NA,49,NA,2023-02-22T15:32:05Z,FALSE,FALSE,5,5,326
NA,769,base,interview,2023-02-22T15:35:14Z,NA,52,57,72,62,54,63,9,NA,NA,NA,212,706,57,NA,2023-02-22T15:50:41Z,TRUE,FALSE,6,6,769
NA,565,base,interview,2023-02-22T15:35:19Z,NA,-9,-9,-9,-9,-9,-9,11,NA,NA,NA,7,NA,18,NA,2023-02-22T15:35:37Z,FALSE,FALSE,5,5,565
NA,414,base,interview,2023-02-22T15:35:52Z,NA,72,71,73,71,53,99,3,NA,NA,NA,33,8162,61,NA,2023-02-22T17:52:30Z,TRUE,FALSE,6,6,414
NA,835,base,interview,2023-02-22T15:40:26Z,NA,51,51,52,51,51,51,2,NA,NA,NA,38,2,42,NA,2023-02-22T15:41:08Z,TRUE,FALSE,6,6,835
NA,906,base,interview,2023-02-22T15:42:36Z,NA,49,52,51,51,67,79,3,NA,NA,NA,45,1484,73,NA,2023-02-22T16:08:08Z,TRUE,FALSE,6,6,906
NA,896,base,interview,2023-02-22T15:42:59Z,NA,57,57,25,21,17,19,3,NA,NA,NA,48,35,86,NA,2023-02-22T15:44:25Z,TRUE,FALSE,6,6,896
NA,859,base,interview,2023-02-22T15:43:51Z,NA,15,42,2,29,101,-9,2,NA,NA,NA,70,21,93,NA,2023-02-22T15:45:24Z,TRUE,FALSE,6,6,859
NA,378,base,interview,2023-02-22T15:45:11Z,"Ich bin damit einverstanden, dass meine anonymisierten Daten und Nutzungsdaten aus Moodle unter den beschriebenen Bedingungen für wissenschaftliche Zwecke verwendet werden.",-9,-9,-9,101,101,-9,3,NA,NA,7,17,19,46,NA,2023-02-22T15:45:57Z,TRUE,FALSE,6,6,378
NA,760,base,interview,2023-02-22T15:45:52Z,NA,91,91,101,91,97,95,8,NA,NA,NA,56,17,81,NA,2023-02-22T15:47:13Z,TRUE,FALSE,6,6,760
NA,796,base,interview,2023-02-22T15:45:56Z,NA,31,31,51,6,6,6,8,NA,NA,NA,83,23,114,NA,2023-02-22T15:47:50Z,TRUE,FALSE,6,6,796
NA,785,base,interview,2023-02-22T15:46:11Z,NA,41,41,46,16,11,8,2,NA,NA,NA,62,11,75,NA,2023-02-22T15:47:26Z,TRUE,FALSE,6,6,785
NA,885,base,interview,2023-02-22T15:48:09Z,NA,11,8,9,6,83,33,3,NA,NA,NA,43,19,65,NA,2023-02-22T15:49:14Z,TRUE,FALSE,6,6,885
NA,1000,base,interview,2023-02-22T15:48:54Z,"Ich bin damit einverstanden, dass meine anonymisierten Daten und Nutzungsdaten aus Moodle unter den beschriebenen Bedingungen für wissenschaftliche Zwecke verwendet werden.",39,51,50,31,20,5,2,NA,NA,15,60,65,142,NA,2023-02-22T15:51:16Z,TRUE,FALSE,6,6,1000
NA,672,base,interview,2023-02-22T15:50:10Z,NA,-9,-9,-9,-9,-9,-9,3,NA,NA,NA,8,127,138,NA,2023-02-22T15:52:28Z,TRUE,FALSE,6,6,672
NA,792,base,interview,2023-02-22T15:56:15Z,NA,41,44,55,52,46,46,1,NA,NA,NA,14,NA,15,NA,2023-02-22T15:56:30Z,FALSE,FALSE,5,5,792
NA,558,base,interview,2023-02-22T15:57:42Z,NA,34,46,75,45,38,37,2,NA,NA,NA,21,42,65,NA,2023-02-22T15:58:47Z,TRUE,FALSE,6,6,558
NA,776,base,interview,2023-02-22T15:57:54Z,NA,26,29,24,28,27,32,3,NA,NA,NA,20,54,77,NA,2023-02-22T15:59:11Z,TRUE,FALSE,6,6,776
NA,694,base,interview,2023-02-22T15:58:03Z,NA,23,-9,-9,-9,-9,-9,1,NA,NA,NA,9,7,17,NA,2023-02-22T15:58:20Z,TRUE,FALSE,6,6,694
NA,839,base,interview,2023-02-22T15:58:14Z,NA,21,8,5,5,21,-9,16,NA,NA,NA,25,NA,41,NA,2023-02-22T15:58:55Z,FALSE,FALSE,5,5,839
NA,1001,base,interview,2023-02-22T15:58:23Z,"Ich bin damit einverstanden, dass meine anonymisierten Daten und Nutzungsdaten aus Moodle unter den beschriebenen Bedingungen für wissenschaftliche Zwecke verwendet werden.",71,71,70,65,67,62,10,NA,NA,7,75,105,197,NA,2023-02-22T16:01:40Z,TRUE,FALSE,6,6,1001
NA,825,base,interview,2023-02-22T15:59:18Z,NA,-9,79,-9,-9,-9,46,1,NA,NA,NA,13,24245,39,NA,2023-02-22T22:43:37Z,FALSE,FALSE,6,6,825
NA,379,base,interview,2023-02-22T16:03:19Z,NA,83,67,69,93,66,68,3,NA,NA,NA,25,12,40,NA,2023-02-22T16:03:59Z,TRUE,FALSE,6,6,379
NA,688,base,interview,2023-02-22T16:03:36Z,NA,31,63,88,23,8,25,2,NA,NA,NA,12,6,20,NA,2023-02-22T16:03:56Z,TRUE,FALSE,6,6,688
NA,939,base,interview,2023-02-22T16:04:59Z,NA,51,52,48,52,50,45,5,NA,NA,NA,31,NA,36,NA,2023-02-22T16:05:35Z,FALSE,FALSE,5,5,939
NA,441,base,interview,2023-02-22T16:05:04Z,"Ich bin damit einverstanden, dass meine anonymisierten Daten und Nutzungsdaten aus Moodle unter den beschriebenen Bedingungen für wissenschaftliche Zwecke verwendet werden.",71,66,68,74,70,72,9,NA,NA,11,35,8,63,NA,2023-02-22T16:06:07Z,TRUE,FALSE,6,6,441
NA,406,base,interview,2023-02-22T16:05:43Z,NA,-9,-9,-9,1,-9,-9,2,NA,NA,NA,10,8,20,NA,2023-02-22T16:06:03Z,TRUE,FALSE,6,6,406
NA,828,base,interview,2023-02-22T16:10:18Z,NA,91,81,62,41,52,51,4,NA,NA,NA,134,41,179,NA,2023-02-22T16:13:17Z,TRUE,FALSE,6,6,828
NA,200,base,interview,2023-02-22T16:12:46Z,NA,88,65,30,26,13,15,4,NA,NA,NA,32,60,96,NA,2023-02-22T16:14:22Z,TRUE,FALSE,6,6,200
NA,887,base,interview,2023-02-22T16:14:19Z,NA,45,72,101,77,40,55,10,NA,NA,NA,62,5,77,NA,2023-02-22T16:15:36Z,TRUE,FALSE,6,6,887
NA,445,base,interview,2023-02-22T16:16:19Z,NA,65,81,63,42,38,44,3,NA,NA,NA,39,36,78,NA,2023-02-22T16:17:37Z,TRUE,FALSE,6,6,445
NA,715,base,interview,2023-02-22T16:22:59Z,NA,46,29,26,35,31,28,7,NA,NA,NA,67,17,91,NA,2023-02-22T16:24:30Z,TRUE,FALSE,6,6,715
NA,290,base,interview,2023-02-22T16:23:34Z,NA,-9,-9,-9,-9,-9,-9,7,NA,NA,NA,19,168,194,NA,2023-02-22T16:26:48Z,TRUE,FALSE,6,6,290
NA,892,base,interview,2023-02-22T16:24:41Z,NA,31,21,21,16,21,21,5,NA,NA,NA,40,15,60,NA,2023-02-22T16:25:41Z,TRUE,FALSE,6,6,892
NA,800,base,interview,2023-02-22T16:28:49Z,NA,31,30,30,10,8,10,16,NA,NA,NA,54,NA,70,NA,2023-02-22T16:29:59Z,FALSE,FALSE,5,5,800
NA,818,base,interview,2023-02-22T16:31:01Z,"Ich bin damit einverstanden, dass meine anonymisierten Daten und Nutzungsdaten aus Moodle unter den beschriebenen Bedingungen für wissenschaftliche Zwecke verwendet werden.",-9,-9,-9,-9,-9,-9,3,NA,NA,13,25,274,315,NA,2023-02-22T16:36:16Z,TRUE,FALSE,6,6,818
NA,371,base,interview,2023-02-22T16:31:09Z,"Ich bin damit einverstanden, dass meine anonymisierten Daten und Nutzungsdaten aus Moodle unter den beschriebenen Bedingungen für wissenschaftliche Zwecke verwendet werden.",-9,-9,-9,-9,-9,1,2,NA,NA,5,31,3,41,NA,2023-02-22T16:31:50Z,TRUE,FALSE,6,6,371
NA,798,base,interview,2023-02-22T16:34:45Z,NA,21,22,21,-9,-9,-9,7,NA,NA,NA,53,170,230,NA,2023-02-22T16:38:35Z,TRUE,FALSE,6,6,798
NA,290,base,interview,2023-02-22T16:34:47Z,NA,-9,-9,-9,-9,-9,-9,5,NA,NA,NA,14,37,56,NA,2023-02-22T16:35:43Z,TRUE,FALSE,6,6,290
NA,837,base,interview,2023-02-22T16:38:40Z,NA,-9,-9,-9,-9,-9,-9,2,NA,NA,NA,18,83,103,NA,2023-02-22T16:40:23Z,TRUE,FALSE,6,6,837
NA,798,base,interview,2023-02-22T16:39:01Z,NA,-9,-9,-9,-9,-9,-9,10,NA,NA,NA,9,NA,19,NA,2023-02-22T16:39:20Z,FALSE,FALSE,5,5,798
NA,1051,base,interview,2023-02-22T16:41:16Z,"Ich bin damit einverstanden, dass meine anonymisierten Daten und Nutzungsdaten aus Moodle unter den beschriebenen Bedingungen für wissenschaftliche Zwecke verwendet werden.",66,30,66,81,71,56,14,NA,NA,9,75,85,183,NA,2023-02-22T16:44:19Z,TRUE,FALSE,6,6,1051
NA,755,base,interview,2023-02-22T16:44:09Z,NA,-9,-9,-9,-9,-9,-9,18,NA,NA,NA,20,NA,38,NA,2023-02-22T16:44:47Z,FALSE,FALSE,5,5,755
NA,868,base,interview,2023-02-22T16:45:27Z,NA,53,53,43,41,28,33,2,NA,NA,NA,35,34,71,NA,2023-02-22T16:46:38Z,TRUE,FALSE,6,6,868
NA,371,base,interview,2023-02-22T16:56:57Z,"Ich bin damit einverstanden, dass meine anonymisierten Daten und Nutzungsdaten aus Moodle unter den beschriebenen Bedingungen für wissenschaftliche Zwecke verwendet werden.",-9,-9,-9,-9,-9,-9,2,NA,NA,2,5,10,19,NA,2023-02-22T16:57:16Z,TRUE,FALSE,6,6,371
NA,824,base,interview,2023-02-22T16:57:09Z,NA,25,15,20,17,17,22,6,NA,NA,NA,17,NA,23,NA,2023-02-22T16:57:32Z,FALSE,FALSE,5,5,824
NA,923,base,interview,2023-02-22T17:05:07Z,NA,-9,-9,-9,-9,-9,-9,5,NA,NA,NA,8,22,35,NA,2023-02-22T17:05:42Z,TRUE,FALSE,6,6,923
NA,992,base,interview,2023-02-22T17:11:06Z,"Ich bin damit einverstanden, dass meine anonymisierten Daten und Nutzungsdaten aus Moodle unter den beschriebenen Bedingungen für wissenschaftliche Zwecke verwendet werden.",-9,77,-9,-9,-9,-9,5,NA,NA,3,9,NA,17,NA,2023-02-22T17:11:23Z,FALSE,FALSE,5,5,992
NA,838,base,interview,2023-02-22T17:19:04Z,NA,-9,-9,-9,-9,-9,-9,4,NA,NA,NA,13,59,76,NA,2023-02-22T17:20:20Z,TRUE,FALSE,6,6,838
NA,1022,base,interview,2023-02-22T17:25:46Z,"Ich bin damit einverstanden, dass meine anonymisierten Daten und Nutzungsdaten aus Moodle unter den beschriebenen Bedingungen für wissenschaftliche Zwecke verwendet werden.",53,55,58,55,58,59,1,NA,NA,3,12,82426,41,NA,2023-02-23T16:19:48Z,TRUE,FALSE,6,6,1022
NA,792,base,interview,2023-02-22T17:28:37Z,NA,57,66,69,68,68,74,2,NA,NA,NA,10,NA,12,NA,2023-02-22T17:28:49Z,FALSE,FALSE,5,5,792
NA,830,base,interview,2023-02-22T17:28:58Z,NA,-9,-9,-9,-9,-9,-9,4,NA,NA,NA,16,NA,20,NA,2023-02-22T17:29:18Z,FALSE,FALSE,5,5,830
NA,307,base,interview,2023-02-22T17:31:09Z,NA,41,31,53,26,24,34,7,NA,NA,NA,40,14,61,NA,2023-02-22T17:32:10Z,TRUE,FALSE,6,6,307
NA,780,base,interview,2023-02-22T17:32:05Z,NA,69,-9,-9,-9,-9,-9,4,NA,NA,NA,19,NA,23,NA,2023-02-22T17:32:28Z,FALSE,FALSE,5,5,780
NA,1002,base,interview,2023-02-22T17:37:37Z,"Ich bin damit einverstanden, dass meine anonymisierten Daten und Nutzungsdaten aus Moodle unter den beschriebenen Bedingungen für wissenschaftliche Zwecke verwendet werden.",-9,-9,-9,-9,-9,-9,3,NA,NA,2,7,NA,12,NA,2023-02-22T17:37:49Z,FALSE,FALSE,5,5,1002
NA,546,base,interview,2023-02-22T17:38:53Z,NA,39,42,38,41,39,36,89,NA,NA,NA,14,25,43,NA,2023-02-22T17:41:01Z,TRUE,FALSE,6,6,546
NA,615,base,interview,2023-02-22T17:46:43Z,NA,70,65,25,58,22,2,3,NA,NA,NA,67,55415,95,NA,2023-02-23T09:11:28Z,FALSE,FALSE,6,6,615
NA,360,base,interview,2023-02-22T17:46:50Z,NA,2,2,3,-9,1,-9,2,NA,NA,NA,25,4,31,NA,2023-02-22T17:47:21Z,TRUE,FALSE,6,6,360
NA,750,base,interview,2023-02-22T17:51:19Z,NA,-9,-9,-9,-9,-9,-9,2,NA,NA,NA,11,NA,13,NA,2023-02-22T17:51:32Z,FALSE,FALSE,5,5,750
NA,551,base,interview,2023-02-22T17:54:46Z,NA,-9,-9,-9,-9,-9,-9,9,NA,NA,NA,5,10,24,NA,2023-02-22T17:55:10Z,TRUE,FALSE,6,6,551
NA,383,base,interview,2023-02-22T17:57:49Z,NA,8,20,10,17,12,7,5,NA,NA,NA,82,389,112,NA,2023-02-22T18:05:45Z,TRUE,FALSE,6,6,383
NA,800,base,interview,2023-02-22T18:04:21Z,NA,-9,-9,-9,-9,-9,-9,31,NA,NA,NA,18,NA,22,NA,2023-02-22T18:05:11Z,FALSE,FALSE,5,5,800
NA,200,base,interview,2023-02-22T18:06:18Z,NA,70,31,13,16,7,21,5,NA,NA,NA,13,27,45,NA,2023-02-22T18:07:03Z,TRUE,FALSE,6,6,200
NA,792,base,interview,2023-02-22T18:11:30Z,NA,49,46,50,50,46,41,1,NA,NA,NA,12,77187,38,NA,2023-02-23T15:38:11Z,FALSE,FALSE,6,6,792
NA,835,base,interview,2023-02-22T18:24:50Z,NA,1,-9,-9,-9,-9,-9,2,NA,NA,NA,8,974,35,NA,2023-02-22T18:41:14Z,FALSE,FALSE,6,6,835
NA,888,base,interview,2023-02-22T18:26:47Z,NA,57,56,61,45,52,52,3,NA,NA,NA,9,47,59,NA,2023-02-22T18:27:46Z,TRUE,FALSE,6,6,888
NA,645,base,interview,2023-02-22T18:36:52Z,NA,61,66,43,22,33,25,7,NA,NA,NA,27,NA,34,NA,2023-02-22T18:37:26Z,FALSE,FALSE,5,5,645
NA,889,base,interview,2023-02-22T18:38:35Z,NA,31,31,31,46,46,41,13,NA,NA,NA,90,22,125,NA,2023-02-22T18:40:40Z,TRUE,FALSE,6,6,889
NA,798,base,interview,2023-02-22T18:53:20Z,NA,-9,-9,-9,-9,-9,-9,2,NA,NA,NA,8,NA,10,NA,2023-02-22T18:53:30Z,FALSE,FALSE,5,5,798
NA,879,base,interview,2023-02-22T18:58:10Z,NA,9,4,13,14,-9,2,28,NA,NA,NA,51,246,301,NA,2023-02-22T19:03:35Z,TRUE,FALSE,6,6,879
NA,560,base,interview,2023-02-22T19:04:22Z,NA,-9,-9,-9,101,-9,-9,11,NA,NA,NA,6,NA,17,NA,2023-02-22T19:04:39Z,FALSE,FALSE,5,5,560
NA,909,base,interview,2023-02-22T19:09:32Z,NA,101,101,21,13,11,12,8,NA,NA,NA,152,91,122,NA,2023-02-22T19:13:43Z,TRUE,FALSE,6,6,909
NA,891,base,interview,2023-02-22T19:13:39Z,NA,50,61,22,11,11,11,9,NA,NA,NA,60,16,85,NA,2023-02-22T19:15:04Z,TRUE,FALSE,6,6,891
NA,887,base,interview,2023-02-22T19:14:13Z,NA,1,-9,-9,-9,-9,-9,3,NA,NA,NA,17,7,27,NA,2023-02-22T19:14:40Z,TRUE,FALSE,6,6,887
NA,307,base,interview,2023-02-22T19:20:36Z,NA,46,48,55,62,64,55,14,NA,NA,NA,34,6,54,NA,2023-02-22T19:21:30Z,TRUE,FALSE,6,6,307
NA,572,base,interview,2023-02-22T19:28:26Z,NA,6,12,21,29,31,40,4,NA,NA,NA,8,NA,12,NA,2023-02-22T19:28:38Z,FALSE,FALSE,5,5,572
NA,992,base,interview,2023-02-22T19:42:47Z,"Ich bin damit einverstanden, dass meine anonymisierten Daten und Nutzungsdaten aus Moodle unter den beschriebenen Bedingungen für wissenschaftliche Zwecke verwendet werden.",1,1,1,1,-9,1,4,NA,NA,6,63,4,77,NA,2023-02-22T19:44:04Z,TRUE,FALSE,6,6,992
NA,779,base,interview,2023-02-22T19:43:14Z,NA,81,82,80,79,80,81,4,NA,NA,NA,53,30,87,NA,2023-02-22T19:44:41Z,TRUE,FALSE,6,6,779
NA,537,base,interview,2023-02-22T19:46:55Z,NA,-9,-9,-9,-9,-9,-9,2,NA,NA,NA,5,6,13,NA,2023-02-22T19:47:08Z,TRUE,FALSE,6,6,537
NA,537,base,interview,2023-02-22T19:47:23Z,NA,-9,80,-9,-9,-9,-9,1,NA,NA,NA,10,1,12,NA,2023-02-22T19:47:35Z,TRUE,FALSE,6,6,537
NA,537,base,interview,2023-02-22T19:48:40Z,NA,-9,-9,-9,-9,-9,-9,5,NA,NA,NA,8,7,20,NA,2023-02-22T19:49:00Z,TRUE,FALSE,6,6,537
NA,366,base,interview,2023-02-22T19:58:37Z,NA,27,28,25,38,23,25,39,NA,NA,NA,28,18,50,NA,2023-02-22T20:00:02Z,TRUE,FALSE,6,6,366
NA,565,base,interview,2023-02-22T19:58:48Z,NA,-9,-9,-9,-9,-9,-9,1,NA,NA,NA,4,6,11,NA,2023-02-22T19:58:59Z,TRUE,FALSE,6,6,565
NA,816,base,interview,2023-02-22T20:01:07Z,NA,101,-9,-9,-9,101,-9,2,NA,NA,NA,5,40171,32,NA,2023-02-23T07:10:45Z,TRUE,FALSE,6,6,816
NA,414,base,interview,2023-02-22T20:09:40Z,NA,70,78,84,57,60,47,5,NA,NA,NA,21,NA,26,NA,2023-02-22T20:10:06Z,FALSE,FALSE,5,5,414
NA,948,base,interview,2023-02-22T20:20:58Z,"Ich bin damit einverstanden, dass meine anonymisierten Daten und Nutzungsdaten aus Moodle unter den beschriebenen Bedingungen für wissenschaftliche Zwecke verwendet werden.",-9,-9,-9,-9,1,-9,2,NA,NA,3,9,3,17,NA,2023-02-22T20:21:15Z,TRUE,FALSE,6,6,948
NA,553,base,interview,2023-02-22T20:23:58Z,NA,-9,-9,-9,-9,-9,-9,11,NA,NA,NA,10,NA,21,NA,2023-02-22T20:24:19Z,FALSE,FALSE,5,5,553
NA,631,base,interview,2023-02-22T20:34:18Z,NA,66,67,56,16,1,-9,9,NA,NA,NA,70,8,87,NA,2023-02-22T20:35:45Z,TRUE,FALSE,6,6,631
NA,751,base,interview,2023-02-22T20:36:06Z,Ich möchte meine Daten nicht für wissenschaftliche Zwecke zur Verfügung stellen.,-9,-9,-9,-9,-9,-9,1,NA,NA,3,17,3,24,NA,2023-02-22T20:36:31Z,TRUE,FALSE,6,6,751
NA,771,base,interview,2023-02-22T20:47:30Z,NA,-9,-9,-9,-9,-9,73,1,NA,NA,NA,6,3,10,NA,2023-02-22T20:47:40Z,TRUE,FALSE,6,6,771
NA,634,base,interview,2023-02-22T20:48:02Z,NA,-9,-9,-9,-9,-9,-9,2,NA,NA,NA,4,NA,6,NA,2023-02-22T20:48:08Z,FALSE,FALSE,5,5,634
NA,846,base,interview,2023-02-22T20:51:24Z,NA,-9,-9,-9,-9,-9,-9,13,NA,NA,NA,44,NA,57,NA,2023-02-22T20:52:21Z,FALSE,FALSE,5,5,846
NA,871,base,interview,2023-02-22T20:56:23Z,NA,-9,-9,-9,-9,-9,-9,4,NA,NA,NA,22,65833,51,NA,2023-02-23T15:14:02Z,TRUE,FALSE,6,6,871
NA,346,base,interview,2023-02-22T22:05:51Z,NA,24,50,46,51,53,55,1,NA,NA,NA,45,7,53,NA,2023-02-22T22:06:44Z,TRUE,FALSE,6,6,346
NA,346,base,interview,2023-02-22T22:08:43Z,NA,-9,-9,-9,-9,-9,-9,2,NA,NA,NA,3,NA,5,NA,2023-02-22T22:08:48Z,FALSE,FALSE,5,5,346
NA,748,base,interview,2023-02-22T22:10:17Z,NA,-9,-9,-9,1,1,-9,1,NA,NA,NA,16,NA,17,NA,2023-02-22T22:10:34Z,FALSE,FALSE,5,5,748
NA,882,base,interview,2023-02-22T22:14:54Z,NA,-9,1,-9,-9,-9,-9,15,NA,NA,NA,14,NA,29,NA,2023-02-22T22:15:23Z,FALSE,FALSE,5,5,882
NA,1044,base,interview,2023-02-22T22:22:13Z,Ich möchte meine Daten nicht für wissenschaftliche Zwecke zur Verfügung stellen.,63,-9,-9,-9,-9,-9,11,NA,NA,5,8,36,60,NA,2023-02-22T22:23:13Z,TRUE,FALSE,6,6,1044
NA,749,base,interview,2023-02-22T22:49:48Z,NA,-9,-9,-9,-9,-9,-9,4,NA,NA,NA,13,172423,42,NA,2023-02-22T22:50:05Z,FALSE,FALSE,5,6,749
NA,824,base,interview,2023-02-22T22:55:00Z,NA,12,15,17,15,17,16,12,NA,NA,NA,13,6,31,NA,2023-02-22T22:55:31Z,TRUE,FALSE,6,6,824
NA,371,base,interview,2023-02-23T00:50:46Z,Ich möchte meine Daten nicht für wissenschaftliche Zwecke zur Verfügung stellen.,-9,-9,-9,-9,-9,-9,1,NA,NA,9,5,6,21,NA,2023-02-23T00:51:07Z,TRUE,FALSE,6,6,371
NA,789,base,interview,2023-02-23T01:25:51Z,NA,1,44,18,-9,-9,-9,8,NA,NA,NA,26,11,45,NA,2023-02-23T01:26:36Z,TRUE,FALSE,6,6,789
NA,1064,base,interview,2023-02-23T06:43:10Z,Ich möchte meine Daten nicht für wissenschaftliche Zwecke zur Verfügung stellen.,1,-9,-9,-9,-9,22,2,NA,NA,3,10,NA,15,NA,2023-02-23T06:43:26Z,FALSE,FALSE,5,5,1064
NA,794,base,interview,2023-02-23T07:17:39Z,NA,-9,-9,-9,-9,-9,-9,6,NA,NA,NA,18,6,30,NA,2023-02-23T07:18:09Z,TRUE,FALSE,6,6,794
NA,851,base,interview,2023-02-23T07:39:23Z,NA,-9,-9,-9,-9,-9,-9,4,NA,NA,NA,9,10,23,NA,2023-02-23T07:39:46Z,TRUE,FALSE,6,6,851
NA,756,base,interview,2023-02-23T07:43:39Z,NA,73,53,35,55,19,30,21,NA,NA,NA,80,19456,126,NA,2023-02-23T07:45:20Z,FALSE,FALSE,5,6,756
NA,546,base,interview,2023-02-23T07:47:31Z,NA,52,80,22,27,41,35,19,NA,NA,NA,41,6,66,NA,2023-02-23T07:48:37Z,TRUE,FALSE,6,6,546
NA,729,base,interview,2023-02-23T08:02:35Z,NA,37,22,27,19,13,22,10,NA,NA,NA,29,3,42,NA,2023-02-23T08:03:17Z,TRUE,FALSE,6,6,729
NA,761,base,interview,2023-02-23T08:58:54Z,NA,41,43,42,41,42,39,7,NA,NA,NA,27,NA,34,NA,2023-02-23T08:59:28Z,FALSE,FALSE,5,5,761
NA,740,base,interview,2023-02-23T09:30:53Z,NA,45,54,48,27,25,31,1,NA,NA,NA,17,2,20,NA,2023-02-23T09:31:13Z,TRUE,FALSE,6,6,740
NA,915,base,interview,2023-02-23T10:05:51Z,NA,91,76,66,66,92,58,8,NA,NA,NA,116,34,158,NA,2023-02-23T10:08:29Z,TRUE,FALSE,6,6,915
NA,800,base,interview,2023-02-23T10:11:28Z,NA,31,31,31,7,11,6,7,NA,NA,NA,67,12,86,NA,2023-02-23T10:12:54Z,TRUE,FALSE,6,6,800
NA,856,base,interview,2023-02-23T10:23:18Z,NA,-9,-9,-9,-9,-9,-9,1,NA,NA,NA,5,4,10,NA,2023-02-23T10:23:28Z,TRUE,FALSE,6,6,856
NA,882,base,interview,2023-02-23T10:37:43Z,NA,73,-9,-9,-9,-9,-9,1,NA,NA,NA,6,NA,7,NA,2023-02-23T10:37:50Z,FALSE,FALSE,5,5,882
NA,825,base,interview,2023-02-23T10:59:00Z,NA,-9,-9,-9,-9,-9,94,1,NA,NA,NA,6,104742,32,NA,2023-02-24T16:04:49Z,FALSE,FALSE,6,6,825
NA,731,base,interview,2023-02-23T11:03:33Z,NA,36,31,35,15,23,6,3,NA,NA,NA,15,6,24,NA,2023-02-23T11:03:57Z,TRUE,FALSE,6,6,731
NA,401,base,interview,2023-02-23T11:16:45Z,NA,34,85,-9,-9,-9,43,2,NA,NA,NA,16,14,32,NA,2023-02-23T11:17:17Z,TRUE,FALSE,6,6,401
NA,537,base,interview,2023-02-23T11:33:53Z,NA,-9,-9,-9,101,-9,-9,12,NA,NA,NA,7,275,294,NA,2023-02-23T11:38:47Z,FALSE,FALSE,6,6,537
NA,360,base,interview,2023-02-23T11:47:43Z,NA,-9,-9,-9,-9,-9,-9,2,NA,NA,NA,8,13,23,NA,2023-02-23T11:48:06Z,TRUE,FALSE,6,6,360
NA,815,base,interview,2023-02-23T11:53:00Z,NA,-9,-9,1,-9,-9,-9,3,NA,NA,NA,10,39,52,NA,2023-02-23T11:53:52Z,FALSE,FALSE,6,6,815
NA,797,base,interview,2023-02-23T12:33:52Z,NA,-9,-9,-9,-9,-9,-9,1,NA,NA,NA,6,NA,7,NA,2023-02-23T12:33:59Z,FALSE,FALSE,5,5,797
NA,615,base,interview,2023-02-23T12:43:28Z,NA,22,-9,-9,-9,-9,-9,4,NA,NA,NA,11,11,26,NA,2023-02-23T12:43:54Z,TRUE,FALSE,6,6,615
NA,615,base,interview,2023-02-23T12:44:09Z,NA,11,26,-9,-9,-9,-9,2,NA,NA,NA,10,NA,12,NA,2023-02-23T12:44:21Z,FALSE,FALSE,5,5,615
NA,835,base,interview,2023-02-23T12:59:03Z,NA,-9,-9,-9,-9,-9,-9,3,NA,NA,NA,6,NA,9,NA,2023-02-23T12:59:12Z,FALSE,FALSE,5,5,835
NA,642,base,interview,2023-02-23T13:02:06Z,NA,31,26,25,34,45,34,2,NA,NA,NA,17,6,25,NA,2023-02-23T13:02:31Z,TRUE,FALSE,6,6,642
NA,565,base,interview,2023-02-23T13:35:16Z,NA,-9,-9,-9,-9,-9,-9,1,NA,NA,NA,9,4,14,NA,2023-02-23T13:35:30Z,TRUE,FALSE,6,6,565
NA,299,base,interview,2023-02-23T17:00:41Z,Ich möchte meine Daten nicht für wissenschaftliche Zwecke zur Verfügung stellen.,69,-9,-9,-9,50,-9,11,NA,NA,6,7,6,30,NA,2023-02-23T17:01:12Z,TRUE,FALSE,6,6,299
NA,531,base,interview,2023-02-23T17:18:32Z,NA,-9,-9,-9,-9,-9,-9,10,NA,NA,NA,17,4,31,NA,2023-02-23T17:19:03Z,TRUE,FALSE,6,6,531
NA,771,base,interview,2023-02-23T18:27:29Z,NA,-9,-9,-9,-9,-9,-9,1,NA,NA,NA,4,NA,5,NA,2023-02-23T18:27:34Z,FALSE,FALSE,5,5,771
NA,881,base,interview,2023-02-23T18:49:26Z,NA,33,19,20,26,26,24,1,NA,NA,NA,13,NA,14,NA,2023-02-23T18:49:40Z,FALSE,FALSE,5,5,881
NA,1006,base,interview,2023-02-23T19:25:29Z,"Ich bin damit einverstanden, dass meine anonymisierten Daten und Nutzungsdaten aus Moodle unter den beschriebenen Bedingungen für wissenschaftliche Zwecke verwendet werden.",61,73,51,64,69,29,9,NA,NA,32,49,15,79,NA,2023-02-23T19:27:14Z,TRUE,FALSE,6,6,1006
NA,705,base,interview,2023-02-23T21:12:07Z,NA,89,-9,-9,-9,-9,-9,3,NA,NA,NA,8,207033,36,NA,2023-02-26T06:42:52Z,FALSE,FALSE,6,6,705
NA,378,base,interview,2023-02-23T22:24:16Z,"Ich bin damit einverstanden, dass meine anonymisierten Daten und Nutzungsdaten aus Moodle unter den beschriebenen Bedingungen für wissenschaftliche Zwecke verwendet werden.",-9,-9,101,-9,-9,-9,13,NA,NA,5,12,7,37,NA,2023-02-23T22:24:53Z,TRUE,FALSE,6,6,378
NA,671,base,interview,2023-02-24T09:55:33Z,NA,71,65,79,58,58,47,9,NA,NA,NA,42,11,62,NA,2023-02-24T09:56:35Z,TRUE,FALSE,6,6,671
NA,302,base,interview,2023-02-24T10:10:19Z,NA,51,61,41,61,26,36,6,NA,NA,NA,66,201,273,NA,2023-02-24T10:14:52Z,TRUE,FALSE,6,6,302
NA,346,base,interview,2023-02-24T10:36:47Z,NA,-9,-9,-9,-9,-9,-9,2,NA,NA,NA,3,5,10,NA,2023-02-24T10:36:57Z,TRUE,FALSE,6,6,346
NA,562,base,interview,2023-02-24T11:16:58Z,NA,-9,-9,-9,-9,-9,-9,3,NA,NA,NA,5,NA,8,NA,2023-02-24T11:17:06Z,FALSE,FALSE,5,5,562
NA,814,base,interview,2023-02-24T13:06:07Z,Ich möchte meine Daten nicht für wissenschaftliche Zwecke zur Verfügung stellen.,1,-9,-9,-9,44,1,1,NA,NA,3,16,17,37,NA,2023-02-24T13:06:44Z,TRUE,FALSE,6,6,814
NA,888,base,interview,2023-02-24T13:46:12Z,NA,60,60,48,51,52,40,2,NA,NA,NA,11,NA,13,NA,2023-02-24T13:46:25Z,FALSE,FALSE,5,5,888
NA,547,base,interview,2023-02-24T14:15:30Z,NA,51,59,47,48,60,42,2,NA,NA,NA,15,2,19,NA,2023-02-24T14:15:49Z,TRUE,FALSE,6,6,547
NA,538,base,interview,2023-02-24T19:31:25Z,NA,-9,-9,-9,-9,-9,-9,3,NA,NA,NA,10,6,19,NA,2023-02-24T19:31:44Z,TRUE,FALSE,6,6,538
NA,799,base,interview,2023-02-24T22:35:08Z,NA,64,62,65,53,53,55,11,NA,NA,NA,50,6,67,NA,2023-02-24T22:36:15Z,TRUE,FALSE,6,6,799
NA,771,base,interview,2023-02-24T23:31:57Z,NA,-9,-9,-9,-9,-9,-9,2,NA,NA,NA,4,NA,6,NA,2023-02-24T23:32:03Z,FALSE,FALSE,5,5,771
NA,554,base,interview,2023-02-25T05:28:00Z,NA,-9,-9,-9,-9,-9,-9,1,NA,NA,NA,8,NA,9,NA,2023-02-25T05:28:09Z,FALSE,FALSE,5,5,554
NA,826,base,interview,2023-02-25T08:59:04Z,NA,53,22,50,9,12,14,10,NA,NA,NA,37,25,72,NA,2023-02-25T09:00:16Z,TRUE,FALSE,6,6,826
NA,826,base,interview,2023-02-25T09:00:37Z,NA,15,5,23,9,11,22,2,NA,NA,NA,24,NA,26,NA,2023-02-25T09:01:03Z,FALSE,FALSE,5,5,826
NA,537,base,interview,2023-02-25T09:13:42Z,NA,-9,-9,-9,-9,-9,-9,2,NA,NA,NA,13,7,22,NA,2023-02-25T09:14:04Z,TRUE,FALSE,6,6,537
NA,635,base,interview,2023-02-25T09:32:40Z,NA,-9,-9,-9,-9,-9,-9,3,NA,NA,NA,5,NA,8,NA,2023-02-25T09:32:48Z,FALSE,FALSE,5,5,635
NA,771,base,interview,2023-02-25T10:12:17Z,NA,-9,-9,-9,-9,-9,-9,1,NA,NA,NA,3,NA,4,NA,2023-02-25T10:12:21Z,FALSE,FALSE,5,5,771
NA,809,base,interview,2023-02-25T15:51:26Z,NA,-9,-9,-9,-9,-9,-9,4,NA,NA,NA,6,8,18,NA,2023-02-25T15:51:44Z,TRUE,FALSE,6,6,809
NA,825,base,interview,2023-02-25T17:06:03Z,NA,15,-9,87,-9,-9,-9,2,NA,NA,NA,7,19210,34,NA,2023-02-25T22:26:22Z,TRUE,FALSE,6,6,825
NA,634,base,interview,2023-02-25T20:19:01Z,NA,-9,-9,-9,-9,-9,-9,2,NA,NA,NA,5,39116,32,NA,2023-02-26T07:11:04Z,FALSE,FALSE,6,6,634
NA,861,base,interview,2023-02-25T20:52:17Z,NA,61,73,60,72,62,72,7,NA,NA,NA,22,6,35,NA,2023-02-25T20:52:52Z,TRUE,FALSE,6,6,861
NA,824,base,interview,2023-02-25T22:57:36Z,NA,15,17,18,19,23,27,2,NA,NA,NA,10,5,17,NA,2023-02-25T22:57:53Z,TRUE,FALSE,6,6,824
NA,565,base,interview,2023-02-26T14:11:36Z,NA,-9,-9,-9,-9,-9,-9,1,NA,NA,NA,4,2,7,NA,2023-02-26T14:11:43Z,TRUE,FALSE,6,6,565
NA,771,base,interview,2023-02-26T20:56:27Z,NA,82,-9,-9,-9,-9,-9,1,NA,NA,NA,5,NA,6,NA,2023-02-26T20:56:33Z,FALSE,FALSE,5,5,771
NA,643,base,interview,2023-02-27T07:28:59Z,NA,3,4,3,5,10,10,2,NA,NA,NA,7,3,12,NA,2023-02-27T07:29:11Z,FALSE,FALSE,6,6,643
NA,316,base,interview,2023-02-27T10:13:20Z,NA,20,21,41,41,11,15,2,NA,NA,NA,52,6,60,NA,2023-02-27T10:14:20Z,TRUE,FALSE,6,6,316
NA,557,base,interview,2023-02-27T12:35:05Z,NA,-9,-9,-9,-9,-9,-9,19,NA,NA,NA,8,NA,27,NA,2023-02-27T12:35:32Z,FALSE,FALSE,5,5,557
NA,551,base,interview,2023-02-27T14:52:12Z,NA,-9,-9,-9,-9,-9,-9,2,NA,NA,NA,6,5,13,NA,2023-02-27T14:52:25Z,TRUE,FALSE,6,6,551
NA,438,base,interview,2023-02-27T15:04:33Z,"Ich bin damit einverstanden, dass meine anonymisierten Daten und Nutzungsdaten aus Moodle unter den beschriebenen Bedingungen für wissenschaftliche Zwecke verwendet werden.",7,13,4,10,5,6,1,NA,NA,7,10,6,24,NA,2023-02-27T15:04:57Z,TRUE,FALSE,6,6,438
NA,552,base,interview,2023-02-28T13:56:11Z,NA,-9,-9,-9,-9,-9,-9,2,NA,NA,NA,14,6,22,NA,2023-02-28T13:56:33Z,TRUE,FALSE,6,6,552
NA,685,base,interview,2023-02-28T15:51:07Z,NA,-9,-9,-9,-9,-9,-9,3,NA,NA,NA,10,3,16,NA,2023-02-28T15:51:23Z,TRUE,FALSE,6,6,685
NA,635,base,interview,2023-02-28T18:48:56Z,NA,-9,-9,-9,-9,-9,-9,3,NA,NA,NA,6,NA,9,NA,2023-02-28T18:49:05Z,FALSE,FALSE,5,5,635
NA,756,base,interview,2023-02-28T19:24:05Z,NA,81,76,51,61,51,31,2,NA,NA,NA,45,17,64,NA,2023-02-28T19:25:09Z,TRUE,FALSE,6,6,756
NA,868,base,interview,2023-02-28T19:27:16Z,NA,39,38,57,41,47,39,4,NA,NA,NA,19,7,30,NA,2023-02-28T19:27:46Z,TRUE,FALSE,6,6,868
NA,302,base,interview,2023-03-01T12:03:59Z,NA,-9,-9,-9,-9,-9,-9,3,NA,NA,NA,9,3,15,NA,2023-03-01T12:04:14Z,TRUE,FALSE,6,6,302
NA,744,base,interview,2023-03-01T12:41:37Z,NA,-9,-9,-9,-9,-9,-9,4,NA,NA,NA,13,2,19,NA,2023-03-01T12:41:56Z,TRUE,FALSE,6,6,744
NA,674,base,interview,2023-03-01T14:31:49Z,NA,23,23,32,15,11,62,20,NA,NA,NA,43,8,71,NA,2023-03-01T14:33:00Z,TRUE,FALSE,6,6,674
NA,545,base,interview,2023-03-02T16:19:31Z,"Ich bin damit einverstanden, dass meine anonymisierten Daten und Nutzungsdaten aus Moodle unter den beschriebenen Bedingungen für wissenschaftliche Zwecke verwendet werden.",NA,NA,NA,NA,NA,NA,7,NA,NA,6,NA,NA,13,NA,2023-03-02T16:19:44Z,FALSE,FALSE,4,4,545
NA,856,base,interview,2023-03-02T19:07:57Z,NA,-9,-9,-9,-9,-9,-9,2,NA,NA,NA,8,5,15,NA,2023-03-02T19:08:12Z,TRUE,FALSE,6,6,856
NA,907,base,interview,2023-03-04T18:11:12Z,NA,-9,-9,-9,-9,-9,-9,3,NA,NA,NA,13,5,21,NA,2023-03-04T18:11:33Z,TRUE,FALSE,6,6,907
NA,799,base,interview,2023-03-04T19:30:06Z,NA,-9,-9,-9,-9,-9,-9,5,NA,NA,NA,18,17,40,NA,2023-03-04T19:30:46Z,TRUE,FALSE,6,6,799
NA,694,base,interview,2023-03-05T20:18:03Z,NA,69,-9,-9,-9,-9,76,3,NA,NA,NA,11,39,53,NA,2023-03-05T20:18:56Z,TRUE,FALSE,6,6,694
NA,690,base,interview,2023-03-08T23:42:02Z,NA,16,41,13,8,13,9,5,NA,NA,NA,9,15,29,NA,2023-03-08T23:42:31Z,TRUE,FALSE,6,6,690
NA,383,base,interview,2023-03-09T10:20:50Z,NA,-9,-9,-9,-9,-9,-9,5,NA,NA,NA,3,NA,8,NA,2023-03-09T10:20:58Z,FALSE,FALSE,5,5,383
NA,619,base,interview,2023-03-09T16:46:56Z,NA,65,64,69,71,70,75,13,NA,NA,NA,27,6,46,NA,2023-03-09T16:47:42Z,TRUE,FALSE,6,6,619
NA,881,base,interview,2023-03-13T20:38:20Z,NA,8,17,12,26,18,22,2,NA,NA,NA,7,2,11,NA,2023-03-13T20:38:31Z,TRUE,FALSE,6,6,881
NA,919,base,interview,2023-03-13T20:39:05Z,NA,-9,-9,-9,-9,-9,-9,3,NA,NA,NA,11,2,16,NA,2023-03-13T20:39:21Z,TRUE,FALSE,6,6,919
NA,750,base,interview,2023-03-14T20:32:16Z,NA,-9,-9,-9,-9,-9,-9,2,NA,NA,NA,6,3,11,NA,2023-03-14T20:32:27Z,TRUE,FALSE,6,6,750
NA,948,base,interview,2023-03-19T12:43:39Z,Ich möchte meine Daten nicht für wissenschaftliche Zwecke zur Verfügung stellen.,-9,-9,-9,-9,-9,-9,5,NA,NA,8,10,7,30,NA,2023-03-19T12:44:10Z,TRUE,FALSE,6,6,948
NA,900,base,interview,2023-03-21T14:58:48Z,NA,-9,-9,-9,-9,-9,-9,5,NA,NA,NA,48,NA,53,NA,2023-03-21T14:59:41Z,FALSE,FALSE,5,5,900
NA,809,base,interview,2023-03-22T14:40:18Z,NA,-9,-9,-9,-9,-9,-9,2,NA,NA,NA,5,8,15,NA,2023-03-22T14:40:33Z,TRUE,FALSE,6,6,809
